team_id,success_rate,def_success_rate,passing_success_rate,def_passing_success_rate,rushing_success_rate,def_rushing_success_rate,firstdown_success_rate,def_firstdown_success_rate,seconddown_success_rate,def_seconddown_success_rate,thirddown_success_rate,def_thirddown_success_rate,fourthdown_success_rate,def_fourthdown_success_rate,redzone_success_rate,def_redzone_success_rate,past40_success_rate,def_past40_success_rate
0,0.4046332046332046,0.535426731078905,0.4467713787085515,0.5612472160356348,0.43990384615384615,0.5883620689655172,0.40316901408450706,0.5009140767824497,0.4056338028169014,0.5902140672782875,0.4618834080717489,0.6255707762557078,0.44036697247706424,0.48031496062992124,0.38095238095238093,0.5477386934673367,0.3888888888888889,0.5583126550868487
1,0.3870056497175141,0.538543897216274,0.3401360544217687,0.5529801324503312,0.40672782874617736,0.5837696335078534,0.3647342995169082,0.5433673469387755,0.3614864864864865,0.5925925925925926,0.4585365853658537,0.6047904191616766,0.5412844036697247,0.44554455445544555,0.423841059602649,0.4634146341463415,0.38235294117647056,0.5562913907284768
2,0.3822688274547188,0.5345971563981042,0.35462555066079293,0.5081967213114754,0.4249201277955272,0.5968819599109132,0.4177777777777778,0.545054945054945,0.35447761194029853,0.5265017667844523,0.358695652173913,0.592391304347826,0.4369747899159664,0.5087719298245614,0.3068181818181818,0.5234899328859061,0.3346613545816733,0.5578635014836796
3,0.4144796380090498,0.5721476510067114,0.4566929133858268,0.6435406698564593,0.41935483870967744,0.6125541125541125,0.4171907756813417,0.5873983739837398,0.37987012987012986,0.6442307692307693,0.4642857142857143,0.6045454545454545,0.53125,0.427536231884058,0.44366197183098594,0.5714285714285714,0.42042042042042044,0.6363636363636364
4,0.42485549132947975,0.5480769230769231,0.4433734939759036,0.6,0.431924882629108,0.5709677419354838,0.432967032967033,0.5555555555555556,0.41414141414141414,0.5555555555555556,0.42441860465116277,0.5714285714285714,0.5161290322580645,0.525,0.42483660130718953,0.5340909090909091,0.4045584045584046,0.6073059360730594
5,0.3482849604221636,0.60880195599022,0.33152173913043476,0.6614785992217899,0.3602150537634409,0.6487252124645893,0.38741721854304634,0.6074766355140186,0.3299492385786802,0.669683257918552,0.3287671232876712,0.6193548387096774,0.35051546391752575,0.6145833333333334,0.325,0.5492957746478874,0.3436293436293436,0.6282051282051282
6,0.3333333333333333,0.5235602094240838,0.2606837606837607,0.5985130111524164,0.4169278996865204,0.5288753799392097,0.35161290322580646,0.5393939393939394,0.3175355450236967,0.5849056603773585,0.36551724137931035,0.5220588235294118,0.3333333333333333,0.3698630136986301,0.36363636363636365,0.5966386554621849,0.3333333333333333,0.569811320754717
7,0.41920152091254753,0.5026511134676565,0.40987654320987654,0.5460526315789473,0.44565217391304346,0.4948186528497409,0.41140529531568226,0.5035460992907801,0.4219858156028369,0.5378486055776892,0.45625,0.5128205128205128,0.5,0.5411764705882353,0.3333333333333333,0.5284552845528455,0.3816155988857939,0.5113636363636364
8,0.4108527131782946,0.5126459143968871,0.41431670281995664,0.5501355013550135,0.375,0.5703517587939698,0.4040632054176072,0.5055679287305123,0.38636363636363635,0.5785714285714286,0.45789473684210524,0.5536723163841808,0.5185185185185185,0.43956043956043955,0.41935483870967744,0.5375,0.3436426116838488,0.5751445086705202
9,0.4190938511326861,0.5217748562037798,0.44274809160305345,0.5450819672131147,0.4597495527728086,0.6029776674937966,0.43018867924528303,0.5374280230326296,0.42729970326409494,0.5841269841269842,0.4474885844748858,0.5178571428571429,0.40336134453781514,0.45081967213114754,0.41904761904761906,0.5246913580246914,0.38645418326693226,0.5634517766497462
10,0.43302443133951135,0.5406737880032868,0.45393258426966293,0.5454545454545454,0.47240618101545256,0.6270022883295194,0.4489051094890511,0.53,0.43492063492063493,0.5920245398773006,0.42245989304812837,0.600896860986547,0.5148514851485149,0.4782608695652174,0.4444444444444444,0.5493827160493827,0.4015151515151515,0.5804749340369393
11,0.40583136327817176,0.4903117101937658,0.41139240506329117,0.5461346633416458,0.40582959641255606,0.4922737306843267,0.4079696394686907,0.5009140767824497,0.3930635838150289,0.5254237288135594,0.4248927038626609,0.5404040404040404,0.5462184873949579,0.46464646464646464,0.40963855421686746,0.40476190476190477,0.4071246819338422,0.5045592705167173
12,0.3800786369593709,0.49873417721518987,0.3987538940809969,0.5311355311355311,0.38489208633093525,0.5437665782493368,0.39825581395348836,0.5,0.3712871287128713,0.5676855895196506,0.40458015267175573,0.48091603053435117,0.33783783783783783,0.41935483870967744,0.3793103448275862,0.4881889763779528,0.35784313725490197,0.5496688741721855
13,0.4457252641690682,0.5480167014613778,0.4247787610619469,0.5677570093457944,0.4896551724137931,0.5683229813664596,0.4311111111111111,0.5495283018867925,0.46598639455782315,0.5770750988142292,0.4745762711864407,0.5714285714285714,0.5764705882352941,0.5102040816326531,0.4523809523809524,0.6788321167883211,0.4430379746835443,0.6430976430976431
14,0.42,0.5914855072463768,0.4122137404580153,0.6137566137566137,0.4533333333333333,0.6206088992974239,0.4230769230769231,0.6037735849056604,0.42805755395683454,0.6478405315614618,0.4311377245508982,0.579185520361991,0.4772727272727273,0.5648854961832062,0.36585365853658536,0.556390977443609,0.3606060606060606,0.5974842767295597
15,0.2289156626506024,0.5063291139240507,0.1794871794871795,0.6071428571428571,0.125,0.47058823529411764,0.125,0.5,0.2222222222222222,0.47619047619047616,0.2777777777777778,0.5833333333333334,0.46153846153846156,0.6666666666666666,0.08333333333333333,0.25,0.09523809523809523,0.5185185185185185
16,0.3812566560170394,0.5376569037656904,0.3651685393258427,0.5462184873949579,0.40816326530612246,0.5789473684210527,0.37343358395989973,0.5326633165829145,0.383399209486166,0.5656934306569343,0.41420118343195267,0.5764705882352941,0.44680851063829785,0.5444444444444444,0.46875,0.5205479452054794,0.39351851851851855,0.5701492537313433
17,0.296551724137931,0.5029239766081871,0.4,0.4383561643835616,0.20754716981132076,0.5526315789473685,0.21428571428571427,0.5972222222222222,0.3684210526315789,0.47368421052631576,0.3333333333333333,0.43333333333333335,0.4,0.3333333333333333,0.2,0.4482758620689655,0.14285714285714285,0.56
18,0.4106666666666667,0.5504504504504505,0.4177215189873418,0.6234718826405868,0.43735763097949887,0.5671641791044776,0.40404040404040403,0.5477707006369427,0.42810457516339867,0.6395759717314488,0.40437158469945356,0.5741626794258373,0.5277777777777778,0.4406779661016949,0.37362637362637363,0.58,0.3696682464454976,0.6018518518518519
19,0.41312384473197783,0.512720156555773,0.4182590233545648,0.5147783251231527,0.4101796407185629,0.5523560209424084,0.4172043010752688,0.5655021834061136,0.36298932384341637,0.5106382978723404,0.4639175257731959,0.5086705202312138,0.5258620689655172,0.4342105263157895,0.39285714285714285,0.5,0.40298507462686567,0.5226586102719033
20,0.43522438611346315,0.5716709075487701,0.4733178654292343,0.5888077858880778,0.42071881606765327,0.630901287553648,0.451171875,0.579476861167002,0.429042904290429,0.6042944785276073,0.4252336448598131,0.5857142857142857,0.5344827586206896,0.532258064516129,0.45384615384615384,0.5584415584415584,0.3863080684596577,0.6143250688705234
21,0.3967136150234742,0.5289617486338798,0.38333333333333336,0.5238095238095238,0.35174418604651164,0.5796766743648961,0.3971830985915493,0.5359801488833746,0.37554585152838427,0.5503875968992248,0.34394904458598724,0.5328947368421053,0.5533980582524272,0.5487804878048781,0.3409090909090909,0.5369127516778524,0.35874439461883406,0.5466237942122186
22,0.24390243902439024,0.6206896551724138,0.20512820512820512,0.7419354838709677,0.36,0.5897435897435898,0.21875,0.5357142857142857,0.3333333333333333,0.7916666666666666,0.17647058823529413,0.7058823529411765,0.25,0.5,1.0,0.3333333333333333,0.75,0.6363636363636364
23,0.4388318863456985,0.5509222133119487,0.49528301886792453,0.6112224448897795,0.441340782122905,0.6035353535353535,0.4186046511627907,0.5442043222003929,0.4462809917355372,0.6329113924050633,0.49767441860465117,0.5753968253968254,0.5196078431372549,0.4744525547445255,0.4797979797979798,0.6341463414634146,0.4223194748358862,0.6353276353276354
24,0.37308039747064137,0.5565449688334817,0.40771349862258954,0.5517241379310345,0.3797979797979798,0.6472148541114059,0.3785557986870897,0.549792531120332,0.3815789473684211,0.6308724832214765,0.42574257425742573,0.6009852216748769,0.33043478260869563,0.423728813559322,0.37575757575757573,0.5632911392405063,0.35597826086956524,0.5830985915492958
25,0.4212840809146878,0.578656853725851,0.46308724832214765,0.6408977556109726,0.3888888888888889,0.5930521091811415,0.43283582089552236,0.5730337078651685,0.3973941368078176,0.6468531468531469,0.41262135922330095,0.6381909547738693,0.5390625,0.47692307692307695,0.436241610738255,0.6330935251798561,0.39841688654353563,0.5904761904761905
26,0.4259459459459459,0.5509138381201044,0.4460093896713615,0.5542168674698795,0.4415954415954416,0.5813953488372093,0.3848101265822785,0.5148809523809523,0.4389312977099237,0.6095238095238096,0.4691358024691358,0.5735294117647058,0.5543478260869565,0.5972222222222222,0.45454545454545453,0.592,0.4280442804428044,0.6138996138996139
27,0.39344262295081966,0.4991652754590985,0.4148606811145511,0.46919431279620855,0.43315508021390375,0.5511811023622047,0.40893470790378006,0.5289855072463768,0.3888888888888889,0.4127906976744186,0.3898305084745763,0.5348837209302325,0.43283582089552236,0.6792452830188679,0.3793103448275862,0.5046728971962616,0.3787878787878788,0.5296803652968036
28,0.39635995955510617,0.5339602925809822,0.44097995545657015,0.584045584045584,0.3706896551724138,0.5327102803738317,0.4160756501182033,0.5106888361045131,0.37362637362637363,0.5793357933579336,0.425414364640884,0.5121951219512195,0.3894736842105263,0.6395348837209303,0.3644859813084112,0.5362318840579711,0.3535031847133758,0.5508771929824562
29,0.38700290979631424,0.5387453874538746,0.37988826815642457,0.565410199556541,0.38666666666666666,0.5776081424936387,0.35944700460829493,0.5353319057815846,0.44483985765124556,0.5709219858156028,0.3465909090909091,0.5846153846153846,0.5089285714285714,0.5221238938053098,0.37410071942446044,0.5819672131147541,0.37898089171974525,0.6076388888888888
30,0.4415718717683557,0.5583424209378408,0.4788732394366197,0.6085526315789473,0.47392290249433106,0.5929919137466307,0.4282238442822384,0.5680628272251309,0.45054945054945056,0.6324786324786325,0.5470588235294118,0.5808383233532934,0.5072463768115942,0.4854368932038835,0.48717948717948717,0.6391752577319587,0.45558739255014324,0.6055776892430279
31,0.373536299765808,0.5297549591598599,0.42776203966005666,0.5418994413407822,0.3006993006993007,0.5590062111801242,0.3473389355742297,0.5324324324324324,0.4050632911392405,0.568,0.4066666666666667,0.5625,0.4222222222222222,0.425,0.39436619718309857,0.5864661654135338,0.3526570048309179,0.6229508196721312
32,0.39038785834738615,0.5825327510917031,0.43673469387755104,0.5969162995594713,0.3687150837988827,0.6103896103896104,0.42213114754098363,0.5818965517241379,0.3659305993690852,0.6302250803858521,0.3853211009174312,0.6028708133971292,0.4222222222222222,0.5474452554744526,0.310126582278481,0.574468085106383,0.3251231527093596,0.5925925925925926
33,0.38922764227642276,0.5034280117531832,0.42165242165242167,0.5520504731861199,0.3893333333333333,0.5247747747747747,0.3744075829383886,0.5391705069124424,0.4198473282442748,0.527972027972028,0.4438202247191011,0.5139664804469274,0.36363636363636365,0.4457831325301205,0.35384615384615387,0.4838709677419355,0.3469387755102041,0.5426136363636364
34,0.3068181818181818,0.47058823529411764,0.3684210526315789,0.5833333333333334,0.4090909090909091,0.43636363636363634,0.3333333333333333,0.4411764705882353,0.2608695652173913,0.6086956521739131,0.5,0.4117647058823529,0.1111111111111111,0.4,0.6666666666666666,0.4375,0.38461538461538464,0.3333333333333333
35,0.39050131926121373,0.5579710144927537,0.44680851063829785,0.5890804597701149,0.3898305084745763,0.5960912052117264,0.3783783783783784,0.5726495726495726,0.4326923076923077,0.5991189427312775,0.40476190476190477,0.5771812080536913,0.3670886075949367,0.46987951807228917,0.4125,0.5934959349593496,0.4105263157894737,0.6036363636363636
36,0.3832512315270936,0.5813953488372093,0.40762463343108507,0.6097560975609756,0.36771300448430494,0.6195965417867435,0.38929440389294406,0.5831325301204819,0.4,0.6126482213438735,0.3850267379679144,0.5925925925925926,0.39814814814814814,0.6129032258064516,0.36774193548387096,0.5145631067961165,0.34870317002881845,0.5992647058823529
37,0.375717017208413,0.5754451733833177,0.3486238532110092,0.6193181818181818,0.423728813559322,0.6044226044226044,0.4,0.5773672055427251,0.33948339483394835,0.6210526315789474,0.37362637362637363,0.6263157894736842,0.46788990825688076,0.544,0.391304347826087,0.6,0.35333333333333333,0.6063569682151589
38,0.313953488372093,0.5333333333333333,0.26666666666666666,0.7,0.3793103448275862,0.525,0.22857142857142856,0.5142857142857142,0.4230769230769231,0.6956521739130435,0.26666666666666666,0.47368421052631576,0.4,0.5555555555555556,0.3,0.625,0.3333333333333333,0.6190476190476191
39,0.2619047619047619,0.6451612903225806,0.30434782608695654,0.5483870967741935,0.2222222222222222,0.7777777777777778,0.2,0.7083333333333334,0.2727272727272727,0.42105263157894735,0.4117647058823529,0.7272727272727273,0.2857142857142857,0.875,0.5,0.0,0.13333333333333333,0.4166666666666667
40,0.3486033519553073,0.5535535535535535,0.3612040133779264,0.5838150289017341,0.35,0.6123348017621145,0.34554973821989526,0.5658536585365853,0.35294117647058826,0.6298932384341637,0.3161290322580645,0.5306122448979592,0.4519230769230769,0.4444444444444444,0.4065934065934066,0.6135265700483091,0.3360995850622407,0.6005291005291006
41,0.3649706457925636,0.5120213713268033,0.3403693931398417,0.6022408963585434,0.35795454545454547,0.5399568034557235,0.3779342723004695,0.5124481327800829,0.33969465648854963,0.5681818181818182,0.34210526315789475,0.5412371134020618,0.5043478260869565,0.46601941747572817,0.3333333333333333,0.5454545454545454,0.35094339622641507,0.5596330275229358
42,0.38119312436804853,0.5624394966118103,0.47109826589595377,0.5635910224438903,0.308584686774942,0.6144578313253012,0.37410071942446044,0.5340909090909091,0.39325842696629215,0.6418439716312057,0.3867403314917127,0.6129032258064516,0.45098039215686275,0.4811320754716981,0.3828125,0.5727272727272728,0.3729903536977492,0.6296296296296297
43,0.4118181818181818,0.5437375745526839,0.4613526570048309,0.6022099447513812,0.41935483870967744,0.5677749360613811,0.3987341772151899,0.5227817745803357,0.4395973154362416,0.6236162361623616,0.43617021276595747,0.5721925133689839,0.49514563106796117,0.48623853211009177,0.4246575342465753,0.6026490066225165,0.40233236151603496,0.5963855421686747
44,0.46226415094339623,0.5277777777777778,0.5087719298245614,0.5428571428571428,0.37037037037037035,0.5454545454545454,0.45652173913043476,0.5555555555555556,0.5,0.47368421052631576,0.5294117647058824,0.6363636363636364,0.3333333333333333,0.3333333333333333,0.6666666666666666,0.7692307692307693,0.625,0.6071428571428571
45,0.4255813953488372,0.5484375,0.436036036036036,0.6112224448897795,0.4411764705882353,0.5840909090909091,0.41847826086956524,0.5161870503597122,0.4369747899159664,0.6235294117647059,0.4675324675324675,0.5947136563876652,0.4426229508196721,0.5230769230769231,0.36548223350253806,0.5771812080536913,0.4078341013824885,0.592896174863388
46,0.3836094158674804,0.5261382799325464,0.391304347826087,0.6014492753623188,0.4069264069264069,0.5485232067510548,0.3588709677419355,0.529296875,0.38338658146964855,0.5838509316770186,0.4467005076142132,0.5384615384615384,0.48214285714285715,0.452991452991453,0.34394904458598724,0.572972972972973,0.3567073170731707,0.5714285714285714
47,0.4107981220657277,0.5044742729306487,0.4005305039787798,0.4837837837837838,0.42524916943521596,0.5646067415730337,0.4281842818428184,0.486284289276808,0.4008438818565401,0.5513307984790875,0.38095238095238093,0.5486111111111112,0.4606741573033708,0.49230769230769234,0.4189189189189189,0.5084745762711864,0.3881856540084388,0.5051903114186851
48,0.39693969396939693,0.5679933665008292,0.4506769825918762,0.6344339622641509,0.3885135135135135,0.6,0.39094650205761317,0.59,0.43564356435643564,0.6189024390243902,0.38860103626943004,0.5642201834862385,0.41509433962264153,0.49230769230769234,0.4117647058823529,0.553763440860215,0.3952802359882006,0.5746268656716418
49,0.37628865979381443,0.5347280334728034,0.39948453608247425,0.5530474040632054,0.39514348785871967,0.6018306636155606,0.3678646934460888,0.5347912524850894,0.3885350318471338,0.6050156739811913,0.3615023474178404,0.5642201834862385,0.48872180451127817,0.43902439024390244,0.3652694610778443,0.5578231292517006,0.35327635327635326,0.5826330532212886
50,0.40458015267175573,0.554320987654321,0.43666666666666665,0.582089552238806,0.40773809523809523,0.5932721712538226,0.408955223880597,0.573170731707317,0.3778801843317972,0.581081081081081,0.45714285714285713,0.5632911392405063,0.45454545454545453,0.48863636363636365,0.40384615384615385,0.7051282051282052,0.3254901960784314,0.672566371681416
51,0.3968462549277267,0.5103626943005182,0.4011299435028249,0.546583850931677,0.43636363636363634,0.5541795665634675,0.3982808022922636,0.5198863636363636,0.3681592039800995,0.5272727272727272,0.41044776119402987,0.5666666666666667,0.5,0.39705882352941174,0.43609022556390975,0.5,0.40977443609022557,0.5539033457249071
52,0.388250319284802,0.5608899297423887,0.4377104377104377,0.6035805626598465,0.39002932551319647,0.6118421052631579,0.3343558282208589,0.5302197802197802,0.42152466367713004,0.6512605042016807,0.4295774647887324,0.5844155844155844,0.5263157894736842,0.47126436781609193,0.4,0.5648148148148148,0.3958333333333333,0.5864661654135338
53,0.4168260038240918,0.5403225806451613,0.4311377245508982,0.6138328530259366,0.4585365853658537,0.6235294117647059,0.425,0.509090909090909,0.3898916967509025,0.6556603773584906,0.457286432160804,0.5493827160493827,0.46296296296296297,0.5232558139534884,0.494949494949495,0.6086956521739131,0.43283582089552236,0.5940959409594095
54,0.36012861736334406,0.5962660443407235,0.40730337078651685,0.6293436293436293,0.3219895287958115,0.6657458563535912,0.33692722371967654,0.6346749226006192,0.32075471698113206,0.6339285714285714,0.43478260869565216,0.6666666666666666,0.46938775510204084,0.5043478260869565,0.35074626865671643,0.5384615384615384,0.33574007220216606,0.6129032258064516
55,0.4291539245667686,0.569023569023569,0.4236453201970443,0.6104651162790697,0.48677248677248675,0.6116504854368932,0.42650602409638555,0.548051948051948,0.4122137404580153,0.6348547717842323,0.5081967213114754,0.575,0.46236559139784944,0.5862068965517241,0.3657142857142857,0.5514018691588785,0.3949579831932773,0.6319702602230484
56,0.38204833141542005,0.4935064935064935,0.32448377581120946,0.5031055900621118,0.44983818770226536,0.533678756476684,0.39572192513368987,0.48021108179419525,0.3805309734513274,0.5158730158730159,0.34210526315789475,0.556390977443609,0.46464646464646464,0.47761194029850745,0.367816091954023,0.4825174825174825,0.3387096774193548,0.50625
57,0.40422885572139305,0.5366705471478463,0.45706371191135736,0.5621468926553672,0.36475409836065575,0.6112956810631229,0.39766081871345027,0.5510752688172043,0.38839285714285715,0.5517241379310345,0.46715328467153283,0.5741935483870968,0.5066666666666667,0.45348837209302323,0.3359375,0.5815602836879432,0.38,0.5647058823529412
58,0.38013371537726837,0.5727986050566696,0.4074074074074074,0.6415094339622641,0.3216374269005848,0.5950226244343891,0.3888888888888889,0.591792656587473,0.3978102189781022,0.5899053627760252,0.31351351351351353,0.6186046511627907,0.4921875,0.4883720930232558,0.4344262295081967,0.5675675675675675,0.3651877133105802,0.6090909090909091
59,0.38895281933256615,0.5665529010238908,0.44610778443113774,0.6114130434782609,0.3693181818181818,0.5642633228840125,0.40641711229946526,0.552,0.3559322033898305,0.597457627118644,0.4012738853503185,0.5949367088607594,0.46987951807228917,0.5773195876288659,0.3697478991596639,0.5,0.37362637362637363,0.5811965811965812
60,0.4025531914893617,0.5735524256651017,0.42954545454545456,0.5645161290322581,0.4298440979955457,0.645224171539961,0.4094488188976378,0.6178707224334601,0.38006230529595014,0.5697674418604651,0.47641509433962265,0.5907172995780591,0.3925233644859813,0.5373134328358209,0.3878787878787879,0.563953488372093,0.3726027397260274,0.5948717948717949
61,0.3843058350100604,0.5998013902681232,0.41411042944785276,0.6648351648351648,0.3877068557919622,0.6126373626373627,0.4077669902912621,0.6030534351145038,0.39416058394160586,0.6209386281588448,0.3446327683615819,0.6120218579234973,0.4326923076923077,0.6287878787878788,0.4166666666666667,0.5794392523364486,0.3633440514469453,0.6423611111111112
62,0.35823754789272033,0.5625579240037072,0.36129032258064514,0.6620111731843575,0.3722397476340694,0.6229116945107399,0.3439635535307517,0.5588235294117647,0.36329588014981273,0.631578947368421,0.3869346733668342,0.6173469387755102,0.4188034188034188,0.5267857142857143,0.3671875,0.5673758865248227,0.37755102040816324,0.6011396011396012
63,0.3874873864783047,0.5349544072948328,0.4327731092436975,0.4895833333333333,0.36633663366336633,0.5918854415274463,0.39243498817966904,0.5409090909090909,0.4053030303030303,0.5636363636363636,0.4166666666666667,0.48554913294797686,0.36,0.6144578313253012,0.3484848484848485,0.5454545454545454,0.3256578947368421,0.5612244897959183
64,0.40423387096774194,0.5439672801635992,0.41823899371069184,0.599476439790576,0.4367816091954023,0.5289017341040463,0.3883495145631068,0.5404761904761904,0.4359861591695502,0.5916030534351145,0.44571428571428573,0.5444444444444444,0.4157303370786517,0.5360824742268041,0.3673469387755102,0.5743243243243243,0.3924914675767918,0.6080246913580247
65,0.40150880134115674,0.5193798449612403,0.3986784140969163,0.5535714285714286,0.40930232558139534,0.5914786967418546,0.4222222222222222,0.5339168490153173,0.3633440514469453,0.5475285171102662,0.42731277533039647,0.6149068322981367,0.5217391304347826,0.44954128440366975,0.3780487804878049,0.47572815533980584,0.40253164556962023,0.5356037151702786
66,0.4716106604866744,0.479951397326853,0.48484848484848486,0.5075987841945289,0.5123152709359606,0.5125786163522013,0.48195876288659795,0.48578811369509045,0.4349593495934959,0.5131578947368421,0.564625850340136,0.45864661654135336,0.47619047619047616,0.5,0.528169014084507,0.4796747967479675,0.48322147651006714,0.5270758122743683
67,0.3902439024390244,0.5517241379310345,0.40625,0.6190476190476191,0.32432432432432434,0.5925925925925926,0.29411764705882354,0.44,0.4583333333333333,0.75,0.4,0.5454545454545454,0.625,0.6,0.5714285714285714,0.2857142857142857,0.36363636363636365,0.5625
68,0.3893280632411067,0.567193675889328,0.40443213296398894,0.5703324808184144,0.3780821917808219,0.6475409836065574,0.39351851851851855,0.5555555555555556,0.4075471698113208,0.6404494382022472,0.36312849162011174,0.6348314606741573,0.4811320754716981,0.45454545454545453,0.31654676258992803,0.5492957746478874,0.3547297297297297,0.6012861736334405
69,0.43109869646182497,0.5524769101595298,0.418732782369146,0.6108695652173913,0.4520547945205479,0.5427350427350427,0.4520255863539446,0.57421875,0.4528985507246377,0.5438066465256798,0.36082474226804123,0.5870646766169154,0.5137614678899083,0.5409836065573771,0.4161490683229814,0.5797101449275363,0.4005681818181818,0.6048387096774194
70,0.3909191583610188,0.511400651465798,0.4155495978552279,0.5714285714285714,0.3627450980392157,0.549367088607595,0.3855721393034826,0.5,0.38396624472573837,0.5416666666666666,0.45,0.5855263157894737,0.4117647058823529,0.5102040816326531,0.37,0.5454545454545454,0.366412213740458,0.575
71,0.376036866359447,0.5314814814814814,0.40369393139841686,0.6163682864450127,0.3904761904761905,0.5754716981132075,0.37639198218262804,0.5606060606060606,0.3879598662207358,0.5862068965517241,0.3655913978494624,0.5684210526315789,0.4330708661417323,0.3557692307692308,0.3067484662576687,0.5547945205479452,0.3286908077994429,0.5777777777777777
72,0.38818973862536305,0.5570934256055363,0.4142857142857143,0.6189189189189189,0.3835978835978836,0.5680851063829787,0.43015521064301554,0.5653104925053534,0.4163424124513619,0.595679012345679,0.325,0.6138613861386139,0.4067796610169492,0.4921875,0.4827586206896552,0.5119047619047619,0.4375,0.5853018372703412
73,0.372210953346856,0.5632502308402585,0.325,0.5596590909090909,0.39628482972136225,0.6103603603603603,0.3564102564102564,0.5955555555555555,0.34831460674157305,0.6109215017064846,0.35359116022099446,0.5495049504950495,0.5772357723577236,0.48148148148148145,0.37373737373737376,0.6105263157894737,0.32916666666666666,0.6163069544364509
74,0.35119726339794755,0.5561160151324086,0.3102409638554217,0.5572519083969466,0.3622291021671827,0.5828571428571429,0.3628571428571429,0.5429447852760736,0.325,0.5974025974025974,0.33540372670807456,0.5277777777777778,0.4666666666666667,0.6410256410256411,0.28169014084507044,0.5252525252525253,0.3480392156862745,0.568
75,0.37364620938628157,0.5497975708502024,0.4113785557986871,0.6153846153846154,0.3553008595988539,0.5911111111111111,0.35881104033970274,0.576171875,0.40594059405940597,0.6036036036036037,0.3917525773195876,0.5964912280701754,0.42990654205607476,0.376,0.44654088050314467,0.5714285714285714,0.3826086956521739,0.5878048780487805
76,0.3589189189189189,0.5099778270509978,0.3638888888888889,0.5398773006134969,0.33865814696485624,0.5674157303370787,0.3439153439153439,0.5142857142857142,0.32786885245901637,0.5203252032520326,0.42857142857142855,0.5741935483870968,0.4845360824742268,0.5,0.36885245901639346,0.5503875968992248,0.38235294117647056,0.5798611111111112
77,0.37546125461254615,0.5379241516966068,0.42028985507246375,0.5812807881773399,0.34739454094292804,0.5855855855855856,0.38949671772428884,0.5576036866359447,0.3298245614035088,0.5854545454545454,0.38613861386138615,0.5449101796407185,0.48717948717948717,0.46875,0.34591194968553457,0.5625,0.3375959079283887,0.5723270440251572
78,0.39859320046893315,0.5763313609467455,0.42441860465116277,0.6608391608391608,0.4036697247706422,0.5994550408719346,0.4250681198910082,0.5658263305322129,0.39823008849557523,0.6415929203539823,0.37662337662337664,0.6103896103896104,0.4090909090909091,0.5054945054945055,0.38636363636363635,0.5465116279069767,0.34801762114537443,0.6083333333333333
79,0.34177215189873417,0.4880952380952381,0.358974358974359,0.5142857142857142,0.2916666666666667,0.5142857142857142,0.3125,0.5128205128205128,0.3157894736842105,0.46153846153846156,0.35294117647058826,0.6,0.45454545454545453,0.42857142857142855,0.2,0.6363636363636364,0.2903225806451613,0.6190476190476191
80,0.421875,0.5634987384356602,0.44889779559118237,0.6104783599088838,0.42894736842105263,0.60431654676259,0.40159045725646125,0.555327868852459,0.434375,0.6310679611650486,0.4143646408839779,0.5829596412556054,0.6363636363636364,0.5174825174825175,0.42574257425742573,0.5449438202247191,0.39952718676122934,0.5667574931880109
81,0.41605241605241605,0.5406091370558376,0.4136460554371002,0.5594713656387665,0.4229828850855746,0.5441527446300716,0.4007561436672968,0.5387596899224806,0.401840490797546,0.6029411764705882,0.48672566371681414,0.507537688442211,0.5092592592592593,0.5339805825242718,0.4230769230769231,0.5771428571428572,0.41954022988505746,0.5807291666666666
82,0.3926940639269406,0.5161290322580645,0.41113490364025695,0.5427728613569321,0.39465875370919884,0.5273522975929978,0.3816631130063966,0.5273109243697479,0.4175084175084175,0.5484949832775919,0.3645833333333333,0.5355191256830601,0.504424778761062,0.5,0.375,0.5344827586206896,0.358974358974359,0.5469613259668509
83,0.39815590947191953,0.5227272727272727,0.47836538461538464,0.5598086124401914,0.40376569037656906,0.6005361930294906,0.37058823529411766,0.5119305856832972,0.4467455621301775,0.6007462686567164,0.40816326530612246,0.5833333333333334,0.46218487394957986,0.423728813559322,0.4057971014492754,0.49612403100775193,0.3793911007025761,0.5862068965517241
84,0.34977064220183485,0.5755102040816327,0.3130699088145897,0.5862068965517241,0.36950146627565983,0.6424870466321243,0.3522727272727273,0.5357142857142857,0.3458333333333333,0.6264591439688716,0.31875,0.6497175141242938,0.4351851851851852,0.6057692307692307,0.39805825242718446,0.6160714285714286,0.35714285714285715,0.6150943396226415
85,0.3780821917808219,0.5409326424870466,0.3649851632047478,0.6274509803921569,0.42003853564547206,0.59,0.32801822323462415,0.5205811138014528,0.3853503184713376,0.6506024096385542,0.48826291079812206,0.5698324022346368,0.40540540540540543,0.45263157894736844,0.4573170731707317,0.48905109489051096,0.40054495912806537,0.564625850340136
86,0.25333333333333335,0.5526315789473685,0.18518518518518517,0.45,0.21739130434782608,0.6097560975609756,0.25,0.6333333333333333,0.17647058823529413,0.68,0.3333333333333333,0.26666666666666666,0.2727272727272727,0.6666666666666666,0.0,0.5882352941176471,0.15384615384615385,0.6
87,0.4167893961708395,0.5254491017964071,0.48760330578512395,0.6051660516605166,0.41883116883116883,0.5384615384615384,0.38275862068965516,0.5178571428571429,0.4517766497461929,0.5777777777777777,0.43548387096774194,0.5210084033613446,0.48333333333333334,0.5633802816901409,0.4117647058823529,0.5185185185185185,0.42616033755274263,0.5421052631578948
88,0.41379310344827586,0.5391221374045801,0.4288461538461538,0.5820512820512821,0.4413793103448276,0.5903307888040712,0.39555555555555555,0.5626423690205011,0.41254125412541254,0.6148409893992933,0.4175257731958763,0.531578947368421,0.5825242718446602,0.3944954128440367,0.3841059602649007,0.5273972602739726,0.4318936877076412,0.565625
89,0.38650963597430404,0.5544041450777202,0.4276315789473684,0.5528255528255528,0.3937947494033413,0.6022408963585434,0.383248730964467,0.5214285714285715,0.3857677902621723,0.5984555984555985,0.41420118343195267,0.5930232558139535,0.43023255813953487,0.6145833333333334,0.4094488188976378,0.6390977443609023,0.3881118881118881,0.6019108280254777
90,0.35129310344827586,0.5820433436532507,0.36538461538461536,0.5925925925925926,0.34177215189873417,0.6071428571428571,0.3962765957446808,0.5879396984924623,0.3112033195020747,0.6090225563909775,0.32954545454545453,0.5955056179775281,0.41509433962264153,0.5849056603773585,0.297029702970297,0.552,0.30275229357798167,0.6105610561056105
91,0.3508021390374332,0.5326923076923077,0.33815028901734107,0.5925925925925926,0.36239782016348776,0.5539906103286385,0.34974093264248707,0.516629711751663,0.3224489795918367,0.5856164383561644,0.3756906077348066,0.5519125683060109,0.42990654205607476,0.5212765957446809,0.41836734693877553,0.5573770491803278,0.3445378151260504,0.5582655826558266
92,0.3786057692307692,0.5505181347150259,0.33980582524271846,0.6,0.4322766570605187,0.5742857142857143,0.37714285714285717,0.5209580838323353,0.3926940639269406,0.6197183098591549,0.3741935483870968,0.5693430656934306,0.43333333333333335,0.5394736842105263,0.39090909090909093,0.5964912280701754,0.3974358974358974,0.6015325670498084
93,0.40271493212669685,0.5201970443349754,0.43097643097643096,0.5620608899297423,0.42,0.5775862068965517,0.4170984455958549,0.5287081339712919,0.4117647058823529,0.5642857142857143,0.34459459459459457,0.5372340425531915,0.4946236559139785,0.47058823529411764,0.4098360655737705,0.5517241379310345,0.3873239436619718,0.5623003194888179
94,0.4291079812206573,0.4632983794089609,0.4494163424124514,0.534375,0.47297297297297297,0.4663951120162933,0.41330645161290325,0.47835051546391755,0.4355400696864111,0.46557377049180326,0.45664739884393063,0.45222929936305734,0.5333333333333333,0.5466666666666666,0.43352601156069365,0.4394904458598726,0.41812865497076024,0.48044692737430167
95,0.4128686327077748,0.5135823429541596,0.4256410256410256,0.5693877551020409,0.4219114219114219,0.5244755244755245,0.4211618257261411,0.5069860279441117,0.39285714285714285,0.5802469135802469,0.4256410256410256,0.5117370892018779,0.55,0.5,0.39766081871345027,0.5478723404255319,0.3669950738916256,0.5456730769230769
96,0.42293577981651376,0.53719723183391,0.486284289276808,0.5717299578059072,0.38074398249452956,0.58679706601467,0.4177215189873418,0.5020325203252033,0.4166666666666667,0.625,0.47738693467336685,0.57,0.45263157894736844,0.5128205128205128,0.48026315789473684,0.5975609756097561,0.4793650793650794,0.5974025974025974
97,0.4136504653567735,0.5671641791044776,0.43548387096774194,0.6,0.42363112391930835,0.611764705882353,0.41217798594847777,0.5594936708860759,0.4092664092664093,0.6324110671936759,0.44642857142857145,0.5754189944134078,0.4725274725274725,0.5052631578947369,0.39097744360902253,0.6403508771929824,0.3779264214046823,0.6239669421487604
98,0.4370567375886525,0.5536205316223648,0.5447368421052632,0.6065573770491803,0.4356223175965665,0.6588235294117647,0.4516765285996055,0.5329087048832272,0.46688741721854304,0.625,0.4425287356321839,0.6145833333333334,0.5476190476190477,0.5284552845528455,0.5051020408163265,0.5966386554621849,0.45774647887323944,0.588477366255144
99,0.34148727984344424,0.5297079556898288,0.3737704918032787,0.5120643431635389,0.3438202247191011,0.5845410628019324,0.3366093366093366,0.5127020785219399,0.3382899628252788,0.5547445255474452,0.37948717948717947,0.554945054945055,0.3821138211382114,0.6144578313253012,0.34545454545454546,0.5280898876404494,0.36254980079681276,0.5536723163841808
100,0.37254901960784315,0.5517241379310345,0.5,0.8,0.3125,0.5555555555555556,0.3333333333333333,0.5238095238095238,0.5833333333333334,0.7142857142857143,0.375,0.75,0.2,0.18181818181818182,0.0,0.5,0.375,0.6153846153846154
101,0.39665354330708663,0.5648720211827007,0.4148148148148148,0.6112359550561798,0.3912133891213389,0.5775401069518716,0.41625615763546797,0.5588235294117647,0.3772893772893773,0.6120401337792643,0.3979591836734694,0.5961538461538461,0.4774774774774775,0.5826086956521739,0.44966442953020136,0.5693430656934306,0.4239766081871345,0.5902777777777778
102,0.39955357142857145,0.5415617128463476,0.4188911704312115,0.6223958333333334,0.3855421686746988,0.5539112050739958,0.3951048951048951,0.5287128712871287,0.3646723646723647,0.5993589743589743,0.45454545454545453,0.5933014354066986,0.5615384615384615,0.5491803278688525,0.3900414937759336,0.5403225806451613,0.35991820040899797,0.6056782334384858
103,0.41728624535315983,0.6226244343891403,0.4262295081967213,0.6491228070175439,0.42376237623762375,0.6904761904761905,0.4497816593886463,0.6187363834422658,0.386986301369863,0.6738351254480287,0.3968253968253968,0.6390243902439025,0.5445544554455446,0.6071428571428571,0.41081081081081083,0.5921052631578947,0.37971698113207547,0.6207951070336392
104,0.42409638554216866,0.5198170731707317,0.41590214067278286,0.5678160919540229,0.44570502431118314,0.5547309833024119,0.4314079422382672,0.5338078291814946,0.4403409090909091,0.5617977528089888,0.40625,0.5336134453781513,0.5137614678899083,0.45454545454545453,0.4619883040935672,0.5426829268292683,0.42025316455696204,0.5727923627684964
105,0.39497907949790795,0.5727986050566696,0.41404358353510895,0.648590021691974,0.4444444444444444,0.6385224274406333,0.42105263157894735,0.5873684210526315,0.3860759493670886,0.6196721311475409,0.4046511627906977,0.583732057416268,0.3900709219858156,0.5075757575757576,0.3764705882352941,0.5555555555555556,0.39331619537275064,0.5799256505576208
106,0.44069529652351735,0.5179282868525896,0.4790996784565916,0.5773195876288659,0.47757847533632286,0.5182291666666666,0.4341801385681293,0.536036036036036,0.44244604316546765,0.5457875457875457,0.5121951219512195,0.5317919075144508,0.46153846153846156,0.45054945054945056,0.43661971830985913,0.5573770491803278,0.42567567567567566,0.6028985507246377
107,0.40146654445462876,0.5606585788561526,0.42493638676844786,0.6067415730337079,0.4369369369369369,0.6547314578005116,0.42028985507246375,0.5729166666666666,0.38869257950530034,0.6013071895424836,0.4098360655737705,0.5871559633027523,0.45454545454545453,0.4918032786885246,0.43125,0.5827338129496403,0.3884297520661157,0.6077348066298343
108,0.36089494163424124,0.5212464589235127,0.33766233766233766,0.5289473684210526,0.3247663551401869,0.5395348837209303,0.3471502590673575,0.4863636363636364,0.32222222222222224,0.5901060070671378,0.3561643835616438,0.5561224489795918,0.5454545454545454,0.5740740740740741,0.34710743801652894,0.475,0.325,0.5
109,0.3570691434468524,0.5013525698827773,0.32926829268292684,0.5094850948509485,0.31671554252199413,0.5154440154440154,0.3759213759213759,0.506,0.3644067796610169,0.5493421052631579,0.27167630057803466,0.48663101604278075,0.46511627906976744,0.4787234042553192,0.34,0.5303030303030303,0.28735632183908044,0.545662100456621
110,0.4063745019920319,0.5379812695109261,0.3488372093023256,0.6033333333333334,0.455,0.5618811881188119,0.423963133640553,0.5407407407407407,0.3795620437956204,0.6051660516605166,0.36,0.5773809523809523,0.5757575757575758,0.4111111111111111,0.384,0.5974842767295597,0.39215686274509803,0.5909090909090909
111,0.18421052631578946,0.5180722891566265,0.17391304347826086,0.6129032258064516,0.21739130434782608,0.4857142857142857,0.2727272727272727,0.45714285714285713,0.26666666666666666,0.6,0.07142857142857142,0.5714285714285714,0.0,0.5714285714285714,1.0,0.7,0.2727272727272727,0.5714285714285714
112,0.3888888888888889,0.4431818181818182,0.35135135135135137,0.3902439024390244,0.4,0.5238095238095238,0.4117647058823529,0.475,0.3888888888888889,0.625,0.35714285714285715,0.0,0.3333333333333333,0.0,1.0,0.35294117647058826,0.15384615384615385,0.47058823529411764
113,0.41618015012510423,0.5149321266968325,0.458029197080292,0.5555555555555556,0.39385474860335196,0.5989847715736041,0.40618955512572535,0.5291666666666667,0.4055727554179567,0.5714285714285714,0.4608695652173913,0.5410628019323671,0.52,0.38235294117647056,0.3756906077348066,0.55,0.3598130841121495,0.579250720461095
114,0.4,0.5412371134020618,0.4292929292929293,0.5838150289017341,0.42954545454545456,0.5697399527186762,0.4282511210762332,0.5675675675675675,0.3745583038869258,0.5481481481481482,0.45054945054945056,0.5454545454545454,0.31,0.5208333333333334,0.33157894736842103,0.5128205128205128,0.3532608695652174,0.5631067961165048
115,0.3794466403162055,0.5447619047619048,0.3467048710601719,0.5493975903614458,0.44522144522144524,0.599009900990099,0.40420560747663553,0.5733634311512416,0.3416370106761566,0.5548172757475083,0.39779005524861877,0.5106382978723404,0.44329896907216493,0.55,0.35365853658536583,0.5987261146496815,0.35435435435435436,0.6098191214470284
116,0.23863636363636365,0.45161290322580644,0.1111111111111111,0.45,0.32142857142857145,0.5,0.2972972972972973,0.42857142857142855,0.23529411764705882,0.5625,0.16666666666666666,0.5,0.2,0.5,0.75,0.4117647058823529,0.2777777777777778,0.45454545454545453
117,0.42528735632183906,0.5625717566016073,0.4642857142857143,0.6097560975609756,0.4052132701421801,0.5507246376811594,0.40298507462686567,0.5721925133689839,0.4474885844748858,0.5809128630705395,0.4965034965034965,0.575,0.43283582089552236,0.5176470588235295,0.42105263157894735,0.5486725663716814,0.3874538745387454,0.5687732342007435
118,0.4482090997095837,0.5402985074626866,0.42857142857142855,0.580441640378549,0.5031185031185031,0.6041666666666666,0.47149122807017546,0.5781990521327014,0.48226950354609927,0.5632183908045977,0.4235294117647059,0.5828571428571429,0.5,0.49019607843137253,0.4152046783625731,0.5474452554744526,0.43561643835616437,0.6144200626959248
119,0.271523178807947,0.45864661654135336,0.3090909090909091,0.4523809523809524,0.3111111111111111,0.43243243243243246,0.2898550724637681,0.42857142857142855,0.17647058823529413,0.5,0.4,0.5263157894736842,0.2777777777777778,0.4444444444444444,0.5,0.45454545454545453,0.3,0.47297297297297297
120,0.3953488372093023,0.5313807531380753,0.40588235294117647,0.5646437994722955,0.3932853717026379,0.5274151436031331,0.4362745098039216,0.5057471264367817,0.30708661417322836,0.55893536121673,0.42777777777777776,0.5761589403973509,0.4606741573033708,0.6206896551724138,0.3770491803278688,0.568,0.35906040268456374,0.5620689655172414
121,0.4153846153846154,0.5192307692307693,0.4230769230769231,0.5862068965517241,0.36363636363636365,0.42857142857142855,0.41379310344827586,0.5172413793103449,0.35294117647058826,0.5294117647058824,0.6363636363636364,0.4,0.3333333333333333,1.0,0.0,0.6,0.0,0.6774193548387096
122,0.36772486772486773,0.5586666666666666,0.35365853658536583,0.5855513307984791,0.4192634560906516,0.5804597701149425,0.3484848484848485,0.5548780487804879,0.39195979899497485,0.6076555023923444,0.4117647058823529,0.5303030303030303,0.3625,0.625,0.38461538461538464,0.4639175257731959,0.34375,0.5504201680672269
123,0.42100909842845324,0.5037406483790524,0.475177304964539,0.5555555555555556,0.40869565217391307,0.5088888888888888,0.42802303262955854,0.5178907721280602,0.41358024691358025,0.5501519756838906,0.42857142857142855,0.5169082125603864,0.5688073394495413,0.39814814814814814,0.4222222222222222,0.47674418604651164,0.38513513513513514,0.5121951219512195
124,0.3621434745030251,0.5793163891323401,0.38666666666666666,0.6455026455026455,0.3348729792147806,0.6017505470459519,0.3876651982378855,0.6026200873362445,0.3081761006289308,0.5844155844155844,0.38839285714285715,0.6142857142857143,0.4496124031007752,0.5588235294117647,0.3353658536585366,0.5877192982456141,0.336986301369863,0.6111111111111112
125,0.4315315315315315,0.5594059405940595,0.4528735632183908,0.6145374449339207,0.43316831683168316,0.6042154566744731,0.4405737704918033,0.5769980506822612,0.4668769716088328,0.5962145110410094,0.3687150837988827,0.6150234741784038,0.49504950495049505,0.46616541353383456,0.4171779141104294,0.5683453237410072,0.3978779840848806,0.5758513931888545
126,0.3929679420889349,0.5398587285570131,0.43561643835616437,0.5596816976127321,0.36363636363636365,0.5784061696658098,0.39903846153846156,0.5560859188544153,0.3840304182509506,0.6037037037037037,0.39285714285714285,0.5136612021857924,0.47959183673469385,0.4787234042553192,0.39156626506024095,0.49324324324324326,0.3738601823708207,0.5616045845272206
127,0.34698275862068967,0.5307950727883539,0.3427230046948357,0.4852459016393443,0.3888888888888889,0.5891472868217055,0.34704370179948585,0.506631299734748,0.37916666666666665,0.603112840466926,0.32335329341317365,0.5192307692307693,0.3559322033898305,0.5802469135802469,0.33695652173913043,0.576271186440678,0.3436123348017621,0.5602409638554217
128,0.4,0.5433198380566802,0.39880952380952384,0.6151960784313726,0.4300847457627119,0.5741525423728814,0.44136460554371004,0.5414258188824663,0.38064516129032255,0.6064516129032258,0.39790575916230364,0.6093023255813953,0.44545454545454544,0.4896551724137931,0.37662337662337664,0.5384615384615384,0.3875338753387534,0.5730027548209367
129,0.3985890652557319,0.5232452142206017,0.4182879377431907,0.5465994962216625,0.3911764705882353,0.6029411764705882,0.38762886597938145,0.5412026726057907,0.40863787375415284,0.5882352941176471,0.40594059405940597,0.5125628140703518,0.47580645161290325,0.44954128440366975,0.3877551020408163,0.5192307692307693,0.36176470588235293,0.5390835579514824
130,0.381950774840474,0.49589322381930184,0.3914285714285714,0.6021505376344086,0.4099099099099099,0.5011655011655012,0.3614190687361419,0.5,0.40476190476190477,0.5298507462686567,0.40669856459330145,0.5515151515151515,0.4482758620689655,0.44155844155844154,0.39751552795031053,0.47904191616766467,0.3559322033898305,0.4830508474576271
131,0.4230769230769231,0.4931506849315068,0.38,0.52,0.5,0.5142857142857142,0.3617021276595745,0.5,0.39285714285714285,0.5,0.6111111111111112,0.5,0.5555555555555556,0.4,0.4444444444444444,0.5,0.39215686274509803,0.6071428571428571
132,0.4050761421319797,0.5738798856053384,0.3871951219512195,0.6693121693121693,0.42857142857142855,0.5622222222222222,0.4014251781472684,0.5717592592592593,0.39622641509433965,0.6083916083916084,0.3825136612021858,0.6105263157894737,0.5612244897959183,0.5462184873949579,0.4596774193548387,0.6518987341772152,0.391025641025641,0.6257668711656442
133,0.4120065789473684,0.5613079019073569,0.4346076458752515,0.6108786610878661,0.4302600472813239,0.6205882352941177,0.3980392156862745,0.550755939524838,0.4396551724137931,0.6305084745762712,0.45023696682464454,0.5621890547263682,0.43478260869565216,0.5470085470085471,0.4330357142857143,0.5142857142857142,0.41098901098901097,0.5678571428571428
134,0.4069767441860465,0.5998089780324737,0.4340175953079179,0.6674157303370787,0.4272930648769575,0.6624203821656051,0.39956331877729256,0.5950226244343891,0.41911764705882354,0.6501901140684411,0.39285714285714285,0.6648648648648648,0.5377358490566038,0.5546875,0.38926174496644295,0.6078431372549019,0.3774193548387097,0.6176470588235294
135,0.41379310344827586,0.4991181657848324,0.4365781710914454,0.4712041884816754,0.395,0.5261194029850746,0.38870431893687707,0.49264705882352944,0.4375,0.5030674846625767,0.41818181818181815,0.5641025641025641,0.5373134328358209,0.5111111111111111,0.40404040404040403,0.5108695652173914,0.4009009009009009,0.5284974093264249
136,0.382051282051282,0.567741935483871,0.3474178403755869,0.6313868613138686,0.4219948849104859,0.6099706744868035,0.39570552147239263,0.5891238670694864,0.3463414634146341,0.5906976744186047,0.4342105263157895,0.5985401459854015,0.37209302325581395,0.47368421052631576,0.43333333333333335,0.5818181818181818,0.3723849372384937,0.602510460251046
137,0.48825503355704697,0.5617879053461875,0.5029239766081871,0.6233480176211453,0.5170731707317073,0.6338028169014085,0.49913344887348354,0.6,0.4588607594936709,0.5819397993311036,0.5497382198952879,0.6009852216748769,0.6027397260273972,0.421875,0.47549019607843135,0.5909090909090909,0.47540983606557374,0.6065573770491803
138,0.401268115942029,0.5467860048820179,0.4295942720763723,0.5861344537815126,0.3740053050397878,0.5694760820045558,0.42290748898678415,0.5521235521235521,0.39869281045751637,0.6220238095238095,0.3473684210526316,0.5253456221198156,0.504,0.525,0.33540372670807456,0.5491803278688525,0.3518987341772152,0.6075581395348837
139,0.3936781609195402,0.5718181818181818,0.39076923076923076,0.6152219873150105,0.4072494669509595,0.6361031518624641,0.36470588235294116,0.5960264900662252,0.4098939929328622,0.6513157894736842,0.43,0.5555555555555556,0.5242718446601942,0.4107142857142857,0.3931034482758621,0.5963855421686747,0.42857142857142855,0.601063829787234
140,0.3986220472440945,0.529064039408867,0.4077922077922078,0.5449438202247191,0.4422535211267606,0.6226912928759895,0.42528735632183906,0.5524475524475524,0.35546875,0.5938697318007663,0.4166666666666667,0.5380434782608695,0.5046728971962616,0.46464646464646464,0.3609022556390977,0.5882352941176471,0.37919463087248323,0.5591715976331361
141,0.39420289855072466,0.5028846153846154,0.4092920353982301,0.49162011173184356,0.3838383838383838,0.5388127853881278,0.41950113378684806,0.5066079295154186,0.34944237918215615,0.5202702702702703,0.42328042328042326,0.543859649122807,0.44545454545454544,0.4946236559139785,0.3464566929133858,0.5885167464114832,0.33221476510067116,0.5628415300546448
142,0.2891566265060241,0.6133333333333333,0.3157894736842105,0.7692307692307693,0.32,0.65,0.2727272727272727,0.48,0.38095238095238093,0.8235294117647058,0.3333333333333333,0.6666666666666666,0.16666666666666666,0.6,0.0,0.6153846153846154,0.13333333333333333,0.5909090909090909
143,0.4063745019920319,0.5506072874493927,0.4482758620689655,0.5833333333333334,0.37941176470588234,0.6324786324786325,0.40093240093240096,0.556930693069307,0.3763837638376384,0.6468401486988847,0.4388888888888889,0.5026455026455027,0.5729166666666666,0.5208333333333334,0.48226950354609927,0.5588235294117647,0.39255014326647564,0.6076923076923076
144,0.39285714285714285,0.4959785522788204,0.4,0.47398843930635837,0.39037433155080214,0.5717092337917485,0.3624454148471616,0.5,0.39552238805970147,0.55,0.39444444444444443,0.4896907216494845,0.5981308411214953,0.44329896907216493,0.3660130718954248,0.5408163265306123,0.3575949367088608,0.5422993492407809
145,0.3556201550387597,0.5063025210084033,0.37055837563451777,0.5579937304075235,0.34108527131782945,0.5204301075268817,0.35962877030162416,0.47674418604651164,0.3358208955223881,0.6,0.3854166666666667,0.5178571428571429,0.39344262295081966,0.4625,0.38317757009345793,0.5280898876404494,0.3582089552238806,0.5366492146596858
146,0.4164588528678304,0.558252427184466,0.41330166270783847,0.5878962536023055,0.45491803278688525,0.6098765432098765,0.3862212943632568,0.5353075170842825,0.43977591036414565,0.6059479553903345,0.45982142857142855,0.6521739130434783,0.48695652173913045,0.504424778761062,0.4635416666666667,0.5344827586206896,0.39952153110047844,0.5787545787545788
147,0.41966173361522197,0.5052531041069723,0.46875,0.592,0.4249201277955272,0.535175879396985,0.4123006833712984,0.5296703296703297,0.43137254901960786,0.5574912891986062,0.4228187919463087,0.5028248587570622,0.5308641975308642,0.3939393939393939,0.427536231884058,0.5098039215686274,0.4276315789473684,0.5358255451713395
148,0.42843419788664744,0.5108601216333623,0.5,0.5243619489559165,0.43854748603351956,0.5675057208237986,0.4214876033057851,0.5201612903225806,0.45787545787545786,0.528125,0.47560975609756095,0.5736842105263158,0.43333333333333335,0.46846846846846846,0.40804597701149425,0.6161137440758294,0.3911917098445596,0.5805739514348786
149,0.4362657091561939,0.539612676056338,0.43559718969555034,0.5964912280701754,0.49765258215962443,0.6023255813953489,0.4410569105691057,0.5452631578947369,0.4462025316455696,0.5679012345679012,0.430939226519337,0.5555555555555556,0.4854368932038835,0.5405405405405406,0.4235294117647059,0.5238095238095238,0.40512820512820513,0.543859649122807
150,0.4573346116970278,0.5523809523809524,0.4679245283018868,0.6164705882352941,0.5017482517482518,0.6102719033232629,0.44933920704845814,0.5,0.45751633986928103,0.6278195488721805,0.5138121546961326,0.6564102564102564,0.5333333333333333,0.5238095238095238,0.5058139534883721,0.5855855855855856,0.4509283819628647,0.6244897959183674
151,0.33907427341227125,0.5474525474525475,0.34539473684210525,0.636085626911315,0.3469387755102041,0.5458715596330275,0.32967032967032966,0.5495283018867925,0.33755274261603374,0.5899280575539568,0.3709677419354839,0.5459770114942529,0.42201834862385323,0.5656565656565656,0.2900763358778626,0.5702479338842975,0.34657039711191334,0.5511551155115512
152,0.3401639344262295,0.5303983228511531,0.32413793103448274,0.6163522012578616,0.31797235023041476,0.5549738219895288,0.31958762886597936,0.5406698564593302,0.2932330827067669,0.5793650793650794,0.40425531914893614,0.5357142857142857,0.5094339622641509,0.55,0.3287671232876712,0.5081967213114754,0.3358208955223881,0.5763888888888888
153,0.3551491819056785,0.4852941176470588,0.36890243902439024,0.5203045685279187,0.3341404358353511,0.5109170305676856,0.3393665158371041,0.491701244813278,0.3110236220472441,0.5445859872611465,0.4,0.45,0.5172413793103449,0.45348837209302323,0.4519230769230769,0.478494623655914,0.40711462450592883,0.5
154,0.4553072625698324,0.5669920141969832,0.46973365617433416,0.5668934240362812,0.4166666666666667,0.6240409207161125,0.49490835030549896,0.5821205821205822,0.4236111111111111,0.5919732441471572,0.41420118343195267,0.5841584158415841,0.5346534653465347,0.5333333333333333,0.44025157232704404,0.6449704142011834,0.43023255813953487,0.6169665809768637
155,0.39957939011566773,0.5630712979890311,0.40555555555555556,0.6216867469879518,0.416195856873823,0.5590361445783133,0.4270833333333333,0.5611353711790393,0.40823970037453183,0.6151315789473685,0.3836477987421384,0.5445544554455446,0.42990654205607476,0.5904761904761905,0.49572649572649574,0.6226415094339622,0.4244604316546763,0.6174698795180723
156,0.41935483870967744,0.5614035087719298,0.42376681614349776,0.5724815724815725,0.4468599033816425,0.6068376068376068,0.4414784394250513,0.5841346153846154,0.4057507987220447,0.5772058823529411,0.44,0.5904255319148937,0.425,0.5555555555555556,0.39903846153846156,0.6062992125984252,0.3915094339622642,0.6283783783783784
157,0.42526690391459077,0.5017543859649123,0.4289340101522843,0.5670391061452514,0.4675925925925926,0.5147058823529411,0.4330543933054393,0.5217391304347826,0.41,0.559748427672956,0.4604651162790698,0.4619289340101523,0.4803921568627451,0.45348837209302323,0.48120300751879697,0.43523316062176165,0.3993610223642173,0.5
158,0.3937924345295829,0.5862745098039216,0.41496598639455784,0.6349614395886889,0.3138888888888889,0.6019417475728155,0.3864168618266979,0.6052631578947368,0.41454545454545455,0.5910780669144982,0.3532608695652174,0.6173469387755102,0.4806201550387597,0.5555555555555556,0.37593984962406013,0.5734265734265734,0.3993808049535604,0.6
159,0.45176695319961796,0.4995260663507109,0.4420485175202156,0.49166666666666664,0.5012531328320802,0.5393518518518519,0.4716981132075472,0.5287846481876333,0.4618055555555556,0.5288135593220339,0.4046242774566474,0.47802197802197804,0.5113636363636364,0.45569620253164556,0.5098039215686274,0.4876543209876543,0.3983739837398374,0.5362694300518135
160,0.36253252385082396,0.5299539170506913,0.3159420289855073,0.5829145728643216,0.4297872340425532,0.5569007263922519,0.3181818181818182,0.535483870967742,0.39933993399339934,0.5809859154929577,0.3888888888888889,0.5463917525773195,0.5086206896551724,0.5238095238095238,0.3333333333333333,0.48854961832061067,0.3321917808219178,0.5347432024169184
161,0.3547204399633364,0.5835995740149095,0.3559718969555035,0.6222760290556901,0.3642691415313225,0.6549520766773163,0.35665914221218964,0.5670886075949367,0.34983498349834985,0.6460905349794238,0.3681592039800995,0.6292134831460674,0.37404580152671757,0.5339805825242718,0.3524590163934426,0.5964912280701754,0.331306990881459,0.5830258302583026
162,0.3425414364640884,0.5314070351758794,0.3853658536585366,0.5639344262295082,0.3546511627906977,0.5698324022346368,0.3389830508474576,0.550561797752809,0.3617021276595745,0.5374449339207048,0.36428571428571427,0.5488721804511278,0.35802469135802467,0.49230769230769234,0.4262295081967213,0.5407407407407407,0.3719512195121951,0.5680272108843537
163,0.37628278221208666,0.5360602798708288,0.3932926829268293,0.569364161849711,0.3684210526315789,0.5714285714285714,0.3791348600508906,0.5205128205128206,0.3799126637554585,0.5855513307984791,0.36423841059602646,0.5260115606936416,0.46987951807228917,0.5882352941176471,0.4423076923076923,0.5234375,0.39147286821705424,0.5751633986928104
164,0.39195979899497485,0.5342126957955482,0.3755868544600939,0.6105769230769231,0.4596949891067538,0.5938189845474614,0.4007707129094412,0.5185909980430529,0.3963963963963964,0.6060606060606061,0.385,0.6009615384615384,0.4322033898305085,0.4393939393939394,0.37790697674418605,0.5297029702970297,0.35910224438902744,0.5461346633416458
165,0.3488824101068999,0.5100806451612904,0.36533333333333334,0.5524079320113314,0.32386363636363635,0.5,0.3503480278422274,0.5172413793103449,0.3726235741444867,0.5641025641025641,0.34554973821989526,0.5089820359281437,0.3793103448275862,0.49411764705882355,0.36470588235294116,0.49390243902439024,0.3453815261044177,0.5
166,0.3956170703575548,0.5666666666666667,0.4050179211469534,0.6435331230283912,0.43714285714285717,0.624633431085044,0.4010416666666667,0.5645569620253165,0.39737991266375544,0.6458333333333334,0.4014084507042254,0.6097560975609756,0.6029411764705882,0.46226415094339623,0.39634146341463417,0.6,0.3980263157894737,0.5633802816901409
167,0.42718446601941745,0.5083088954056696,0.42592592592592593,0.5420289855072464,0.42572062084257206,0.5563549160671463,0.4611973392461197,0.5090497737556561,0.3862815884476534,0.5591397849462365,0.44751381215469616,0.521978021978022,0.5057471264367817,0.4731182795698925,0.4909090909090909,0.4782608695652174,0.4017094017094017,0.5342019543973942
168,0.45688225538971805,0.5333333333333333,0.5408450704225352,0.562200956937799,0.44565217391304346,0.6234096692111959,0.4578544061302682,0.5286259541984732,0.46176470588235297,0.6143344709897611,0.5024390243902439,0.5544554455445545,0.5714285714285714,0.5392156862745098,0.47257383966244726,0.5514705882352942,0.4334677419354839,0.5659722222222222
169,0.28735632183908044,0.5131578947368421,0.37037037037037035,0.625,0.3684210526315789,0.525,0.3333333333333333,0.6571428571428571,0.23809523809523808,0.391304347826087,0.3333333333333333,0.6,0.16666666666666666,0.16666666666666666,0.0,0.5555555555555556,0.2857142857142857,0.4864864864864865
170,0.4088586030664395,0.5374149659863946,0.4320754716981132,0.6014669926650367,0.3786127167630058,0.5687103594080338,0.42938931297709926,0.5129740518962076,0.40390879478827363,0.6081504702194357,0.3939393939393939,0.5728155339805825,0.43089430894308944,0.5163934426229508,0.37755102040816324,0.5389221556886228,0.3978779840848806,0.5805626598465473
171,0.4280397022332506,0.5593008739076155,0.4229390681003584,0.6148409893992933,0.48823529411764705,0.6006600660066007,0.4772727272727273,0.5209580838323353,0.3972602739726027,0.6255707762557078,0.3969465648854962,0.5906040268456376,0.475,0.5764705882352941,0.46153846153846156,0.6548672566371682,0.4084507042253521,0.5980861244019139
172,0.3383838383838384,0.4808080808080808,0.34036144578313254,0.5047021943573667,0.35079726651480636,0.5,0.30864197530864196,0.4746136865342163,0.35361216730038025,0.5157894736842106,0.32642487046632124,0.5131578947368421,0.46551724137931033,0.4864864864864865,0.3333333333333333,0.47593582887700536,0.30097087378640774,0.4632768361581921
173,0.39619520264681557,0.5708989805375347,0.39466666666666667,0.63,0.4165103189493433,0.6032608695652174,0.4151696606786427,0.49665924276169265,0.3895705521472393,0.6855123674911661,0.4052863436123348,0.6789473684210526,0.4369747899159664,0.5263157894736842,0.3767123287671233,0.635036496350365,0.32273838630806845,0.615625
174,0.3872053872053872,0.4555084745762712,0.42485549132947975,0.45161290322580644,0.39655172413793105,0.5169902912621359,0.37755102040816324,0.46744186046511627,0.40756302521008403,0.5057034220532319,0.3933333333333333,0.4258064516129032,0.43617021276595747,0.4225352112676056,0.27419354838709675,0.44155844155844154,0.32608695652173914,0.46504559270516715
175,0.22666666666666666,0.43333333333333335,0.3076923076923077,0.5333333333333333,0.20512820512820512,0.42857142857142855,0.2,0.41935483870967744,0.15789473684210525,0.375,0.3125,0.5714285714285714,0.375,0.75,0.2,0.5384615384615384,0.2222222222222222,0.46153846153846156
176,0.3589232303090728,0.5482233502538071,0.3559322033898305,0.5378973105134475,0.35365853658536583,0.6092896174863388,0.35121951219512193,0.5322195704057279,0.38022813688212925,0.5934065934065934,0.3386243386243386,0.5872093023255814,0.4642857142857143,0.5294117647058824,0.2903225806451613,0.562874251497006,0.32974910394265233,0.576271186440678
177,0.29789473684210527,0.5153313550939663,0.29874213836477986,0.5085714285714286,0.2804878048780488,0.5450733752620545,0.28165374677002586,0.5056179775280899,0.2629310344827586,0.6028880866425993,0.3146067415730337,0.47282608695652173,0.4418604651162791,0.4827586206896552,0.2535211267605634,0.5893719806763285,0.2971014492753623,0.5338345864661654
178,0.40386384544618215,0.5649241146711635,0.450402144772118,0.6683046683046683,0.44144144144144143,0.5779816513761468,0.3887733887733888,0.5778688524590164,0.44666666666666666,0.5849673202614379,0.4121212121212121,0.5990566037735849,0.5208333333333334,0.5578231292517006,0.3942857142857143,0.5641025641025641,0.3917525773195876,0.5770609318996416
179,0.4044943820224719,0.5480851063829787,0.45604395604395603,0.5820568927789934,0.4432234432234432,0.6275510204081632,0.4052044609665427,0.5182926829268293,0.42485549132947975,0.6552901023890785,0.44390243902439025,0.600896860986547,0.4485981308411215,0.49606299212598426,0.4585987261146497,0.552,0.4081081081081081,0.5661016949152542
180,0.43272727272727274,0.5572916666666666,0.5347721822541966,0.6650485436893204,0.4392935982339956,0.6096385542168675,0.4270833333333333,0.5486725663716814,0.4897959183673469,0.6394557823129252,0.43386243386243384,0.5775862068965517,0.45918367346938777,0.4931506849315068,0.42592592592592593,0.6142857142857143,0.4,0.6116504854368932
181,0.3897122929380994,0.5816235504014273,0.3469879518072289,0.6015228426395939,0.4012875536480687,0.6589327146171694,0.3747276688453159,0.6148491879350348,0.3490566037735849,0.6262295081967213,0.42152466367713004,0.5720720720720721,0.5691056910569106,0.5073529411764706,0.4041095890410959,0.6301369863013698,0.3817663817663818,0.6238244514106583
182,0.40702087286527516,0.5355871886120996,0.42358078602620086,0.54292343387471,0.3888888888888889,0.5555555555555556,0.42424242424242425,0.5566801619433198,0.3992673992673993,0.584717607973422,0.3611111111111111,0.5238095238095238,0.5175438596491229,0.46017699115044247,0.44776119402985076,0.45038167938931295,0.4208860759493671,0.5456919060052219
183,0.3994464944649446,0.5528596187175043,0.37950138504155123,0.5808080808080808,0.4726027397260274,0.6167400881057269,0.39737991266375544,0.5914893617021276,0.3712374581939799,0.5987261146496815,0.455,0.5342465753424658,0.45794392523364486,0.4824561403508772,0.49206349206349204,0.5671641791044776,0.45660377358490567,0.5976331360946746
184,0.44194419441944194,0.5725190839694656,0.5011820330969267,0.6191536748329621,0.4223744292237443,0.6517150395778364,0.45168067226890757,0.5648535564853556,0.4426751592356688,0.6531986531986532,0.42857142857142855,0.6239316239316239,0.5233644859813084,0.4482758620689655,0.38,0.6936936936936937,0.3870246085011186,0.6426116838487973
185,0.45742092457420924,0.5421372719374457,0.49581589958158995,0.6301969365426696,0.46511627906976744,0.5516372795969773,0.45688073394495415,0.5276073619631901,0.4619883040935672,0.5913621262458472,0.4666666666666667,0.6048780487804878,0.5728155339805825,0.47761194029850745,0.4291845493562232,0.5915492957746479,0.4230769230769231,0.5857605177993528
186,0.4227567067530065,0.4717948717948718,0.4025974025974026,0.5358255451713395,0.44713656387665196,0.5012165450121655,0.39439655172413796,0.5258426966292135,0.4485049833887043,0.4606741573033708,0.4308510638297872,0.5128205128205128,0.5471698113207547,0.3150684931506849,0.43795620437956206,0.4860335195530726,0.3806818181818182,0.48753462603878117
187,0.44860557768924303,0.5421779141104295,0.4988399071925754,0.6200417536534447,0.4855072463768116,0.6313465783664459,0.4883303411131059,0.5559772296015181,0.4222873900293255,0.6109510086455331,0.46190476190476193,0.5912698412698413,0.45454545454545453,0.375886524822695,0.4504950495049505,0.5915492957746479,0.41280353200883,0.5918367346938775
188,0.4352078239608802,0.5122222222222222,0.4337748344370861,0.5073891625615764,0.48466257668711654,0.5946843853820598,0.42819148936170215,0.48223350253807107,0.45539906103286387,0.6032388663967612,0.44360902255639095,0.5370370370370371,0.52,0.4430379746835443,0.48360655737704916,0.6178343949044586,0.4006734006734007,0.6
189,0.4068627450980392,0.5606891151135474,0.41154562383612664,0.595703125,0.4135135135135135,0.6218097447795824,0.39888682745825604,0.563953488372093,0.43202416918429004,0.6091954022988506,0.3933649289099526,0.5909090909090909,0.48717948717948717,0.5035971223021583,0.3885350318471338,0.5375,0.37567567567567567,0.581453634085213
190,0.29,0.45,0.2682926829268293,0.6666666666666666,0.42105263157894735,0.44776119402985076,0.28205128205128205,0.4444444444444444,0.36,0.48148148148148145,0.2,0.5625,0.3333333333333333,0.3333333333333333,0.3333333333333333,0.16666666666666666,0.3333333333333333,0.46153846153846156
191,0.42797927461139895,0.4751847940865892,0.44483985765124556,0.4835164835164835,0.4441860465116279,0.5,0.4255813953488372,0.47045951859956237,0.3946360153256705,0.5152671755725191,0.50625,0.46616541353383456,0.5542168674698795,0.5588235294117647,0.45454545454545453,0.4647887323943662,0.4568345323741007,0.5075528700906344
192,0.3620689655172414,0.5638665132336018,0.3675496688741722,0.603030303030303,0.3549382716049383,0.6222222222222222,0.3587570621468927,0.5513513513513514,0.3521739130434783,0.6434782608695652,0.38323353293413176,0.5882352941176471,0.4387755102040816,0.5052631578947369,0.36507936507936506,0.6046511627906976,0.30412371134020616,0.6091549295774648
193,0.3944856839872747,0.5455497382198953,0.4035608308605341,0.5788177339901478,0.4166666666666667,0.5484949832775919,0.4034229828850856,0.5626535626535627,0.408,0.5509433962264151,0.389937106918239,0.5470588235294118,0.4479166666666667,0.5578947368421052,0.35185185185185186,0.5196078431372549,0.36283185840707965,0.5661764705882353
194,0.36486486486486486,0.5284237726098191,0.36423841059602646,0.5607142857142857,0.38223938223938225,0.5250737463126843,0.33116883116883117,0.5764705882352941,0.35323383084577115,0.4863636363636364,0.4027777777777778,0.5307692307692308,0.5492957746478874,0.5285714285714286,0.3655913978494624,0.5267175572519084,0.37142857142857144,0.5357142857142857
195,0.3961661341853035,0.4937679769894535,0.39385474860335196,0.4971590909090909,0.4326923076923077,0.5440180586907449,0.4014778325123153,0.5206971677559913,0.39316239316239315,0.5173611111111112,0.37572254335260113,0.48502994011976047,0.5,0.5348837209302325,0.32142857142857145,0.436241610738255,0.38392857142857145,0.5098591549295775
196,0.39565217391304347,0.5553435114503816,0.4369230769230769,0.5400943396226415,0.40860215053763443,0.609254498714653,0.4030612244897959,0.5670588235294117,0.40625,0.5689655172413793,0.44654088050314467,0.5422885572139303,0.3522727272727273,0.6090909090909091,0.39805825242718446,0.5793103448275863,0.35877862595419846,0.6022727272727273
197,0.36423841059602646,0.5776930409914204,0.36645962732919257,0.6666666666666666,0.38596491228070173,0.5952941176470589,0.35600907029478457,0.572463768115942,0.3951890034364261,0.6620689655172414,0.37037037037037035,0.576530612244898,0.36752136752136755,0.5333333333333333,0.3092105263157895,0.5504587155963303,0.32887700534759357,0.6165413533834586
198,0.40540540540540543,0.5681024447031432,0.4618181818181818,0.6066066066066066,0.4135514018691589,0.628482972136223,0.39892183288409705,0.5944444444444444,0.4,0.5803571428571429,0.42528735632183906,0.5660377358490566,0.5108695652173914,0.5806451612903226,0.34554973821989526,0.6195652173913043,0.3848101265822785,0.6583333333333333
199,0.39114391143911437,0.5788849347568209,0.37822349570200575,0.641566265060241,0.4139072847682119,0.5964391691394659,0.4074074074074074,0.5718475073313783,0.3695652173913043,0.618421052631579,0.3695652173913043,0.6149068322981367,0.46987951807228917,0.5578947368421052,0.5333333333333333,0.5853658536585366,0.3869346733668342,0.6354679802955665
200,0.3493975903614458,0.5128205128205128,0.3888888888888889,0.6470588235294118,0.3684210526315789,0.5641025641025641,0.3939393939393939,0.4827586206896552,0.42857142857142855,0.7777777777777778,0.2,0.5,0.3333333333333333,0.2222222222222222,0.4444444444444444,0.6666666666666666,0.38095238095238093,0.4838709677419355
201,0.4077506318449874,0.5319740500463392,0.4223300970873786,0.5862068965517241,0.41513292433537835,0.5333333333333333,0.4168336673346693,0.5214592274678111,0.4043887147335423,0.6042402826855123,0.4444444444444444,0.5346534653465347,0.4330708661417323,0.5252525252525253,0.425,0.5298507462686567,0.40350877192982454,0.5674740484429066
202,0.38688212927756654,0.5708061002178649,0.3946078431372549,0.5887323943661972,0.3773148148148148,0.5868421052631579,0.3986013986013986,0.5825,0.3611111111111111,0.594488188976378,0.39285714285714285,0.5617283950617284,0.47413793103448276,0.5568181818181818,0.3793103448275862,0.504950495049505,0.35398230088495575,0.563265306122449
203,0.4115830115830116,0.5708898944193062,0.4434589800443459,0.6290018832391714,0.41015625,0.6146788990825688,0.4259927797833935,0.5719557195571956,0.4,0.5885714285714285,0.4148471615720524,0.6219512195121951,0.4954128440366973,0.546583850931677,0.38461538461538464,0.564625850340136,0.385395537525355,0.6062176165803109
204,0.4154002026342452,0.5318471337579618,0.44794188861985473,0.5587392550143266,0.42686567164179107,0.5623268698060941,0.42824074074074076,0.5461165048543689,0.41007194244604317,0.5836575875486382,0.4228571428571429,0.4911242603550296,0.46835443037974683,0.5584415584415584,0.4276315789473684,0.46564885496183206,0.41292134831460675,0.5342465753424658
205,0.3623011015911873,0.5598141695702671,0.3435114503816794,0.6306620209059234,0.3712121212121212,0.5700934579439252,0.34718100890207715,0.5408450704225352,0.354978354978355,0.6329113924050633,0.3877551020408163,0.59375,0.43010752688172044,0.4945054945054945,0.3894736842105263,0.5566037735849056,0.33181818181818185,0.6202090592334495
206,0.3513281919451585,0.5411663807890223,0.37597911227154046,0.6202830188679245,0.37322515212981744,0.5462555066079295,0.3311827956989247,0.5463917525773195,0.36645962732919257,0.5878594249201278,0.375,0.5539906103286385,0.4253731343283582,0.512,0.3141025641025641,0.5,0.32,0.5286624203821656
207,0.38219326818675353,0.5899532710280374,0.4315245478036176,0.5981308411214953,0.33015873015873015,0.6458333333333334,0.3805774278215223,0.5730337078651685,0.4196078431372549,0.6621621621621622,0.36875,0.5974842767295597,0.39805825242718446,0.5841584158415841,0.41739130434782606,0.5272727272727272,0.38492063492063494,0.6134453781512605
208,0.3759036144578313,0.5769230769230769,0.41515151515151516,0.6701030927835051,0.36271186440677966,0.6175548589341693,0.3870967741935484,0.5964912280701754,0.3524229074889868,0.6098654708520179,0.4,0.5822784810126582,0.4470588235294118,0.5454545454545454,0.34513274336283184,0.5942028985507246,0.3527397260273973,0.6545454545454545
209,0.391713747645951,0.5265567765567766,0.3902439024390244,0.5502645502645502,0.3798449612403101,0.5319148936170213,0.3933649289099526,0.5781584582441114,0.36524822695035464,0.528052805280528,0.38461538461538464,0.5,0.5193798449612403,0.4803921568627451,0.3618421052631579,0.45390070921985815,0.35646687697160884,0.5431034482758621
210,0.39155629139072845,0.5442546583850931,0.44545454545454544,0.5960264900662252,0.3729903536977492,0.591796875,0.3966165413533835,0.5657894736842105,0.41284403669724773,0.6348314606741573,0.3872549019607843,0.4777327935222672,0.42857142857142855,0.45901639344262296,0.3387096774193548,0.518324607329843,0.3435114503816794,0.5435294117647059
211,0.17543859649122806,0.5566037735849056,0.05555555555555555,0.6,0.10526315789473684,0.574468085106383,0.13043478260869565,0.6666666666666666,0.08333333333333333,0.6206896551724138,0.0,0.42857142857142855,0.5454545454545454,0.2222222222222222,0.2,0.7272727272727273,0.125,0.6808510638297872
212,0.30434782608695654,0.5789473684210527,0.21428571428571427,0.53125,0.34146341463414637,0.6,0.3235294117647059,0.5526315789473685,0.14285714285714285,0.631578947368421,0.3,0.5384615384615384,0.5333333333333333,0.6666666666666666,0.4117647058823529,0.5882352941176471,0.4444444444444444,0.625
213,0.37,0.7464788732394366,0.36363636363636365,0.7631578947368421,0.36363636363636365,0.7857142857142857,0.325,0.7333333333333333,0.2857142857142857,0.75,0.5238095238095238,0.9285714285714286,0.5555555555555556,0.5454545454545454,0.5238095238095238,0.75,0.3111111111111111,0.7
214,0.4400345125107852,0.5213882163034705,0.491183879093199,0.5602678571428571,0.5,0.6009501187648456,0.4686907020872865,0.5072202166064982,0.4299363057324841,0.5709677419354838,0.4166666666666667,0.5801886792452831,0.5047619047619047,0.52,0.3795180722891566,0.5625,0.45706371191135736,0.5603217158176944
215,0.41384995877988456,0.5576430401366353,0.44080604534005036,0.6301369863013698,0.41762452107279696,0.5478468899521531,0.4,0.5511022044088176,0.41369047619047616,0.596875,0.45794392523364486,0.5990338164251208,0.5042735042735043,0.504,0.36774193548387096,0.5422535211267606,0.3548387096774194,0.5758513931888545
216,0.41509433962264153,0.5701863354037268,0.45722713864306785,0.6245847176079734,0.40425531914893614,0.6111111111111112,0.4068241469816273,0.6028985507246377,0.4322033898305085,0.6146341463414634,0.4316546762589928,0.5576923076923077,0.4375,0.4935064935064935,0.40298507462686567,0.5638297872340425,0.36893203883495146,0.5645933014354066
217,0.4592050209205021,0.5560704355885079,0.49038461538461536,0.5655737704918032,0.5046728971962616,0.6244131455399061,0.4988814317673378,0.5844748858447488,0.4743083003952569,0.5804195804195804,0.44871794871794873,0.5627906976744186,0.3466666666666667,0.504424778761062,0.49635036496350365,0.518796992481203,0.41887905604719766,0.5601374570446735
218,0.43215613382899626,0.5759013282732448,0.4438202247191011,0.6098765432098765,0.46595744680851064,0.6602739726027397,0.4358974358974359,0.5576036866359447,0.43478260869565216,0.6481481481481481,0.4673913043478261,0.6345177664974619,0.5056179775280899,0.5118110236220472,0.42528735632183906,0.6707317073170732,0.3941018766756032,0.6944444444444444
219,0.39874902267396406,0.5437037037037037,0.3802521008403361,0.5725806451612904,0.40707964601769914,0.609704641350211,0.3931947069943289,0.5430579964850615,0.37790697674418605,0.5674931129476584,0.4110169491525424,0.6160337552742616,0.5244755244755245,0.5140845070422535,0.44642857142857145,0.5274725274725275,0.38235294117647056,0.5769230769230769
220,0.400312744331509,0.5826010544815465,0.43364197530864196,0.6013667425968109,0.39490445859872614,0.6412776412776413,0.37545787545787546,0.579957356076759,0.41944444444444445,0.6203389830508474,0.42152466367713004,0.6046511627906976,0.543859649122807,0.639344262295082,0.38164251207729466,0.5877862595419847,0.40756302521008403,0.609271523178808
221,0.3525252525252525,0.5757250268528464,0.37228260869565216,0.6699029126213593,0.35,0.5778894472361809,0.35336538461538464,0.55,0.3488372093023256,0.6190476190476191,0.3617021276595745,0.6342857142857142,0.38596491228070173,0.5555555555555556,0.3090909090909091,0.5,0.3125,0.592741935483871
222,0.39589169000933705,0.5350553505535055,0.3842696629213483,0.5561497326203209,0.403899721448468,0.5816554809843401,0.3938053097345133,0.5824175824175825,0.36042402826855124,0.5676567656765676,0.45145631067961167,0.48186528497409326,0.4811320754716981,0.5,0.3472222222222222,0.5205479452054794,0.35313531353135313,0.5606469002695418
223,0.3558341369334619,0.5154061624649859,0.31564245810055863,0.5611940298507463,0.39058171745152354,0.5391498881431768,0.35600907029478457,0.5098468271334792,0.376984126984127,0.5971223021582733,0.3202247191011236,0.5340314136125655,0.47244094488188976,0.5151515151515151,0.4,0.5121951219512195,0.328125,0.5303430079155673
224,0.4106962663975782,0.5103305785123967,0.40062111801242234,0.5320197044334976,0.4726477024070022,0.5571847507331378,0.3930232558139535,0.4918032786885246,0.4134275618374558,0.5405405405405406,0.5170454545454546,0.5798816568047337,0.37037037037037035,0.5,0.40476190476190477,0.518324607329843,0.4123076923076923,0.5227817745803357
225,0.30434782608695654,0.691358024691358,0.30434782608695654,0.631578947368421,0.22580645161290322,0.75,0.34782608695652173,0.75,0.25,0.6956521739130435,0.14285714285714285,0.6,0.5454545454545454,0.7142857142857143,0.0,0.6923076923076923,0.2727272727272727,0.8095238095238095
226,0.36193029490616624,0.5987878787878788,0.34074074074074073,0.6219512195121951,0.36893203883495146,0.6915887850467289,0.3782894736842105,0.6163522012578616,0.34536082474226804,0.6590909090909091,0.32608695652173914,0.6582278481012658,0.45263157894736844,0.44545454545454544,0.39622641509433965,0.578125,0.30718954248366015,0.6363636363636364
227,0.3418803418803419,0.5797619047619048,0.3311036789297659,0.6238532110091743,0.3687315634218289,0.6358381502890174,0.3813813813813814,0.553314121037464,0.3116279069767442,0.6682027649769585,0.3087248322147651,0.6518987341772152,0.38095238095238093,0.46078431372549017,0.32989690721649484,0.5288461538461539,0.35467980295566504,0.5875486381322957
228,0.3996399639963996,0.524904214559387,0.39901477832512317,0.5249406175771971,0.3979848866498741,0.6028571428571429,0.4017094017094017,0.5553145336225597,0.3993610223642173,0.5771812080536913,0.3879781420765027,0.5149700598802395,0.5172413793103449,0.40476190476190477,0.36551724137931035,0.5497076023391813,0.3695652173913043,0.555858310626703
229,0.3987274655355249,0.5862068965517241,0.4156171284634761,0.6136363636363636,0.3850415512465374,0.6647887323943662,0.4154228855721393,0.5717592592592593,0.388,0.663003663003663,0.35119047619047616,0.6336633663366337,0.4953271028037383,0.47058823529411764,0.3829787234042553,0.6031746031746031,0.3722397476340694,0.6334519572953736
230,0.3798185941043084,0.5431530494821634,0.39565217391304347,0.543859649122807,0.35564853556485354,0.5665859564164649,0.33152173913043476,0.5740740740740741,0.4153225806451613,0.5120967741935484,0.39156626506024095,0.5602836879432624,0.5172413793103449,0.6125,0.45121951219512196,0.6114649681528662,0.3389830508474576,0.5830508474576271
231,0.3590686274509804,0.5219907407407407,0.33458646616541354,0.540084388185654,0.36134453781512604,0.5477707006369427,0.35294117647058826,0.5593667546174143,0.35,0.5421686746987951,0.3819444444444444,0.4342105263157895,0.41414141414141414,0.5846153846153846,0.4084507042253521,0.5038759689922481,0.3349282296650718,0.5362776025236593
232,0.4104938271604938,0.5433255269320844,0.4507462686567164,0.5696969696969697,0.4024691358024691,0.5895765472312704,0.4173027989821883,0.4987146529562982,0.4166666666666667,0.6137339055793991,0.42613636363636365,0.5895522388059702,0.4639175257731959,0.5925925925925926,0.4785714285714286,0.6138613861386139,0.44816053511705684,0.5844155844155844
233,0.43151227236737927,0.5238987816307404,0.4928,0.5409836065573771,0.3869209809264305,0.5988700564971752,0.4144144144144144,0.5200845665961945,0.44192634560906513,0.5618729096989966,0.4618834080717489,0.5780346820809249,0.5436893203883495,0.45918367346938777,0.3904761904761905,0.5407407407407407,0.4,0.5552147239263804
234,0.4148471615720524,0.5425,0.482,0.6141176470588235,0.41160949868073876,0.5448717948717948,0.423828125,0.5354330708661418,0.40384615384615385,0.6185897435897436,0.4166666666666667,0.5154185022026432,0.5048543689320388,0.5702479338842975,0.467005076142132,0.4935897435897436,0.4014084507042254,0.5446927374301676
235,0.4241379310344828,0.5353618421052632,0.4743935309973046,0.5962343096234309,0.4412878787878788,0.5957894736842105,0.4319526627218935,0.5403377110694184,0.4601226993865031,0.6121212121212121,0.4010416666666667,0.5229357798165137,0.42990654205607476,0.42727272727272725,0.45161290322580644,0.4970414201183432,0.4143646408839779,0.559322033898305
236,0.3462603878116344,0.583969465648855,0.34684684684684686,0.6124260355029586,0.31671554252199413,0.5851063829787234,0.3449074074074074,0.5939675174013921,0.3212996389891697,0.5821917808219178,0.3584905660377358,0.6210526315789474,0.4552238805970149,0.591304347826087,0.3448275862068966,0.503448275862069,0.33079847908745247,0.5544871794871795
237,0.4326241134751773,0.5675,0.44801980198019803,0.5847665847665847,0.4460431654676259,0.6658767772511849,0.4580152671755725,0.5825242718446602,0.38950276243093923,0.5857605177993528,0.45569620253164556,0.6037735849056604,0.5,0.5217391304347826,0.40186915887850466,0.6691729323308271,0.3961864406779661,0.6282051282051282
238,0.39399806389157793,0.5593065693430657,0.41885964912280704,0.6267605633802817,0.38333333333333336,0.5687203791469194,0.42630385487528344,0.5550660792951542,0.3485915492957746,0.5986394557823129,0.39893617021276595,0.6102564102564103,0.41284403669724773,0.5409836065573771,0.37254901960784315,0.5,0.39628482972136225,0.5905044510385756
239,0.3659531090723751,0.5741626794258373,0.3633720930232558,0.580046403712297,0.3783783783783784,0.6696165191740413,0.3844221105527638,0.5737704918032787,0.37547892720306514,0.6175438596491228,0.35602094240837695,0.5794871794871795,0.39215686274509803,0.6,0.40594059405940597,0.6349206349206349,0.3310344827586207,0.6563573883161512
240,0.41911211437170803,0.5660091047040972,0.4509433962264151,0.6470588235294118,0.42994241842610365,0.5983086680761099,0.4186046511627907,0.5708812260536399,0.4267352185089974,0.6173913043478261,0.4482758620689655,0.628,0.42063492063492064,0.48148148148148145,0.3659574468085106,0.5741935483870968,0.3877551020408163,0.6043956043956044
241,0.41832324978392393,0.5708154506437768,0.4421052631578947,0.6152125279642058,0.42115768463073855,0.6111111111111112,0.4178498985801217,0.5790554414784395,0.4205607476635514,0.5917721518987342,0.44607843137254904,0.6203703703703703,0.48148148148148145,0.5040650406504065,0.4785276073619632,0.5267857142857143,0.40375586854460094,0.6
242,0.3558282208588957,0.5175257731958763,0.40601503759398494,0.6054421768707483,0.3778801843317972,0.5242718446601942,0.3686868686868687,0.5317073170731708,0.3,0.5827338129496403,0.45454545454545453,0.4823529411764706,0.3877551020408163,0.4444444444444444,0.48214285714285715,0.4383561643835616,0.40298507462686567,0.5251396648044693
243,0.4303571428571429,0.5374449339207048,0.4852941176470588,0.6211340206185567,0.4420131291028446,0.6083743842364532,0.4271653543307087,0.5456475583864119,0.45806451612903226,0.6279863481228669,0.4682080924855491,0.5566037735849056,0.4827586206896552,0.40476190476190477,0.3941176470588235,0.5232558139534884,0.4064039408866995,0.5482093663911846
244,0.4296463506395786,0.5147645650438947,0.42727272727272725,0.540650406504065,0.4486607142857143,0.5871121718377088,0.4386873920552677,0.5053003533568905,0.38333333333333336,0.5460122699386503,0.5,0.5804878048780487,0.4915254237288136,0.484375,0.41836734693877553,0.5309278350515464,0.4133949191685912,0.533175355450237
245,0.3524774774774775,0.544611819235226,0.32926829268292684,0.5196374622356495,0.37259100642398285,0.5777777777777777,0.32409972299168976,0.5063613231552163,0.3333333333333333,0.5848214285714286,0.4046242774566474,0.5985915492957746,0.4563106796116505,0.6179775280898876,0.3333333333333333,0.6209677419354839,0.31125827814569534,0.6204379562043796
246,0.3629310344827586,0.5603174603174603,0.41935483870967744,0.5947136563876652,0.3258145363408521,0.5892116182572614,0.3757828810020877,0.5658914728682171,0.36807817589576547,0.6142433234421365,0.3640776699029126,0.5756302521008403,0.39552238805970147,0.5035971223021583,0.2956989247311828,0.45901639344262296,0.3236009732360097,0.523936170212766
247,0.39544962080173346,0.5536437246963563,0.41916167664670656,0.5758426966292135,0.4246153846153846,0.5809768637532133,0.42857142857142855,0.5545023696682464,0.3902439024390244,0.605072463768116,0.38650306748466257,0.5502958579881657,0.4222222222222222,0.5353535353535354,0.4090909090909091,0.6,0.39361702127659576,0.5818713450292398
248,0.4134980988593156,0.5226824457593688,0.4748603351955307,0.5478260869565217,0.40294840294840295,0.5815789473684211,0.4113785557986871,0.5304740406320542,0.425531914893617,0.5494505494505495,0.48936170212765956,0.5606936416184971,0.38461538461538464,0.48484848484848486,0.4621212121212121,0.4930555555555556,0.40066225165562913,0.5321637426900585
249,0.4264705882352941,0.5659574468085107,0.46355685131195334,0.6327944572748267,0.4267399267399267,0.60381861575179,0.4319526627218935,0.579476861167002,0.4054878048780488,0.603225806451613,0.4852941176470588,0.6220095693779905,0.45161290322580644,0.46875,0.43103448275862066,0.6226415094339622,0.4033970276008493,0.6221590909090909
250,0.3931203931203931,0.5586642599277978,0.34573304157549234,0.5109489051094891,0.36992840095465396,0.6004728132387707,0.42063492063492064,0.5478615071283096,0.3504823151125402,0.5939597315436241,0.3771186440677966,0.5645161290322581,0.48951048951048953,0.6476190476190476,0.3951612903225806,0.518796992481203,0.34169278996865204,0.532258064516129
251,0.3804347826086957,0.5942028985507246,0.391304347826087,0.5471698113207547,0.3333333333333333,0.6981132075471698,0.44155844155844154,0.5967741935483871,0.35555555555555557,0.6756756756756757,0.2972972972972973,0.5833333333333334,0.42857142857142855,0.46153846153846156,0.3333333333333333,0.5555555555555556,0.3050847457627119,0.627906976744186
252,0.41876629018245004,0.5318777292576419,0.41700404858299595,0.6390532544378699,0.44077134986225897,0.5232323232323233,0.4474708171206226,0.554,0.40816326530612246,0.5514018691588785,0.36893203883495146,0.5445026178010471,0.5045045045045045,0.49038461538461536,0.34415584415584416,0.5487179487179488,0.3638968481375358,0.5523114355231143
253,0.3787709497206704,0.5206812652068127,0.38957816377171217,0.5507246376811594,0.35374149659863946,0.5441176470588235,0.3968253968253968,0.5236768802228412,0.340080971659919,0.5418502202643172,0.40606060606060607,0.5035971223021583,0.40860215053763443,0.6266666666666667,0.3130434782608696,0.5,0.3277027027027027,0.5367647058823529
254,0.4269340974212034,0.5589155370177268,0.5198135198135199,0.5925925925925926,0.4005524861878453,0.6198830409356725,0.42116630669546434,0.5516372795969773,0.46204620462046203,0.5984251968503937,0.4634146341463415,0.5786516853932584,0.43373493975903615,0.5636363636363636,0.4124293785310734,0.5192307692307693,0.3935309973045822,0.5580524344569289
255,0.43744207599629287,0.555352241537054,0.40476190476190477,0.5653266331658291,0.5083333333333333,0.6417525773195877,0.4585858585858586,0.6090712742980562,0.4381625441696113,0.5683453237410072,0.43352601156069365,0.5297029702970297,0.45544554455445546,0.5128205128205128,0.4533333333333333,0.4527027027027027,0.4197183098591549,0.5467836257309941
256,0.3955600403632694,0.5158648925281474,0.44675925925925924,0.5400943396226415,0.3211920529801324,0.5678233438485805,0.36561743341404357,0.5323741007194245,0.40148698884758366,0.5795454545454546,0.4486486486486487,0.5081967213114754,0.5102040816326531,0.41379310344827586,0.3057324840764331,0.5254237288135594,0.3412969283276451,0.5301204819277109
257,0.41359060402684567,0.5773615635179153,0.4039408866995074,0.6222222222222222,0.41358024691358025,0.6133651551312649,0.4126984126984127,0.563894523326572,0.4166666666666667,0.6330275229357798,0.40669856459330145,0.6419213973799127,0.52,0.5133333333333333,0.42613636363636365,0.6226415094339622,0.41475826972010177,0.5901162790697675
258,0.34167468719923005,0.5064338235294118,0.33079847908745247,0.590778097982709,0.36511627906976746,0.4956896551724138,0.3341121495327103,0.5236051502145923,0.3425196850393701,0.5360824742268041,0.358974358974359,0.5210526315789473,0.48672566371681414,0.5048543689320388,0.358974358974359,0.49162011173184356,0.3263888888888889,0.5040650406504065
259,0.42126957955482275,0.5553834237025561,0.39104477611940297,0.6124314442413162,0.44501718213058417,0.60880195599022,0.4502923976608187,0.5512104283054003,0.37888198757763975,0.6022727272727273,0.39908256880733944,0.6147186147186147,0.568,0.48201438848920863,0.3832599118942731,0.5819672131147541,0.4057017543859649,0.5805369127516778
260,0.4375,0.5174825174825175,0.4517304189435337,0.5494505494505495,0.46348314606741575,0.5621761658031088,0.45018450184501846,0.48268839103869654,0.40540540540540543,0.5763888888888888,0.44390243902439025,0.6142131979695431,0.5670103092783505,0.5,0.3837837837837838,0.5466666666666666,0.37616822429906543,0.5581395348837209
261,0.35926993275696445,0.5623188405797102,0.3861671469740634,0.5942028985507246,0.3927710843373494,0.6448275862068965,0.3710843373493976,0.5175644028103045,0.35424354243542433,0.6309963099630996,0.36492890995260663,0.6649484536082474,0.40869565217391307,0.5083333333333333,0.425531914893617,0.5178571428571429,0.4012158054711246,0.5977443609022557
262,0.347246891651865,0.5556529360210342,0.3564102564102564,0.5922077922077922,0.3728395061728395,0.5847826086956521,0.37527593818984545,0.5529661016949152,0.33676975945017185,0.6038338658146964,0.38095238095238093,0.5734597156398105,0.32575757575757575,0.5294117647058824,0.34,0.49693251533742333,0.3117408906882591,0.5303430079155673
263,0.4036838066001535,0.5783034257748777,0.4086629001883239,0.6200873362445415,0.3693304535637149,0.6634146341463415,0.4250474383301708,0.6046511627906976,0.36187845303867405,0.5887850467289719,0.4189723320158103,0.6063348416289592,0.49242424242424243,0.5323741007194245,0.425531914893617,0.592814371257485,0.36771300448430494,0.5948275862068966
264,0.18478260869565216,0.5483870967741935,0.16666666666666666,0.6097560975609756,0.1724137931034483,0.5135135135135135,0.15151515151515152,0.5128205128205128,0.1,0.5357142857142857,0.21052631578947367,0.7333333333333333,0.35294117647058826,0.5,0.0,0.42105263157894735,0.0,0.5581395348837209
265,0.3163265306122449,0.49295774647887325,0.34375,0.5909090909090909,0.3488372093023256,0.6153846153846154,0.21621621621621623,0.56,0.39285714285714285,0.7333333333333333,0.35,0.4666666666666667,0.5,0.375,0.0,0.42857142857142855,0.14285714285714285,0.5384615384615384
266,0.365441906653426,0.5813084112149532,0.36220472440944884,0.6485148514851485,0.36533333333333334,0.6190476190476191,0.3825,0.5986078886310905,0.3284132841328413,0.6190476190476191,0.3333333333333333,0.6634146341463415,0.512396694214876,0.43703703703703706,0.4351145038167939,0.5701754385964912,0.3961038961038961,0.6148648648648649
267,0.42777777777777776,0.5189289012003694,0.45739910313901344,0.5359801488833746,0.4304461942257218,0.5501222493887531,0.43388429752066116,0.5210084033613446,0.4014084507042254,0.5463917525773195,0.42021276595744683,0.5956284153005464,0.5412844036697247,0.45098039215686275,0.44366197183098594,0.5699481865284974,0.404320987654321,0.5474452554744526
268,0.3333333333333333,0.5006002400960384,0.34285714285714286,0.5862068965517241,0.3620689655172414,0.4813953488372093,0.32142857142857145,0.4931129476584022,0.33014354066985646,0.5510204081632653,0.30201342281879195,0.5038759689922481,0.46875,0.5428571428571428,0.49206349206349204,0.48148148148148145,0.36585365853658536,0.5302013422818792
269,0.3093980992608237,0.518913676042677,0.2619047619047619,0.5502793296089385,0.3343108504398827,0.5599128540305011,0.30294906166219837,0.5057471264367817,0.2834008097165992,0.599290780141844,0.2810810810810811,0.5297297297297298,0.453125,0.4752475247524752,0.43137254901960786,0.5,0.32051282051282054,0.5111731843575419
270,0.3611111111111111,0.5498281786941581,0.312,0.5687022900763359,0.36942675159235666,0.5919395465994962,0.38461538461538464,0.5617977528089888,0.27692307692307694,0.5914893617021276,0.32051282051282054,0.52046783625731,0.5535714285714286,0.6046511627906976,0.38666666666666666,0.5943396226415094,0.3539325842696629,0.5714285714285714
271,0.38957345971563984,0.5265567765567766,0.4236760124610592,0.5060827250608273,0.37555555555555553,0.5721518987341773,0.39767441860465114,0.553014553014553,0.3519163763066202,0.5457627118644067,0.4088669950738916,0.5051546391752577,0.5436893203883495,0.5208333333333334,0.4383561643835616,0.528,0.38011695906432746,0.5532544378698225
272,0.3794178794178794,0.5432098765432098,0.3734567901234568,0.5751445086705202,0.422680412371134,0.5968586387434555,0.40359897172236503,0.5280612244897959,0.38235294117647056,0.575091575091575,0.375,0.5524861878453039,0.3877551020408163,0.5925925925925926,0.3870967741935484,0.5163934426229508,0.38380281690140844,0.5805369127516778
273,0.3920704845814978,0.5525606469002695,0.36971046770601335,0.5651105651105651,0.4031413612565445,0.5459183673469388,0.4127659574468085,0.6013215859030837,0.36666666666666664,0.541795665634675,0.3317307692307692,0.5794871794871795,0.5333333333333333,0.4864864864864865,0.37572254335260113,0.6111111111111112,0.37797619047619047,0.6169665809768637
274,0.36231884057971014,0.6103896103896104,0.4782608695652174,0.5416666666666666,0.30303030303030304,0.6511627906976745,0.3,0.6451612903225806,0.3333333333333333,0.68,0.6,0.5333333333333333,0.2,0.5,0.4,0.8,0.4444444444444444,0.7142857142857143
275,0.39007782101167315,0.573953488372093,0.39941690962099125,0.6205128205128205,0.41706161137440756,0.5961070559610706,0.3911007025761124,0.5480984340044742,0.3857677902621723,0.6398601398601399,0.4105263157894737,0.5870646766169154,0.4774774774774775,0.5916666666666667,0.3401360544217687,0.5555555555555556,0.35294117647058826,0.5714285714285714
276,0.31343283582089554,0.5544554455445545,0.23529411764705882,0.5151515151515151,0.39285714285714285,0.66,0.34615384615384615,0.5853658536585366,0.23529411764705882,0.6923076923076923,0.4,0.47619047619047616,0.2857142857142857,0.36363636363636365,0.3333333333333333,0.5,0.3333333333333333,0.5510204081632653
277,0.26988636363636365,0.4133738601823708,0.2671232876712329,0.5,0.2876712328767123,0.39655172413793105,0.2805755395683453,0.3772455089820359,0.21794871794871795,0.5333333333333333,0.3076923076923077,0.4,0.3333333333333333,0.5294117647058824,0.14285714285714285,0.4631578947368421,0.24324324324324326,0.43820224719101125
278,0.3863912515188335,0.5574712643678161,0.367601246105919,0.6183431952662722,0.4066265060240964,0.5919540229885057,0.40412979351032446,0.5851648351648352,0.3632286995515695,0.597457627118644,0.36645962732919257,0.5668789808917197,0.47126436781609193,0.4666666666666667,0.3194444444444444,0.5371900826446281,0.39086294416243655,0.5528455284552846
279,0.39198606271777003,0.47707231040564374,0.4145785876993166,0.4734607218683652,0.4105793450881612,0.5360824742268041,0.3697813121272366,0.4796116504854369,0.3836477987421384,0.49393939393939396,0.4,0.5297619047619048,0.5925925925925926,0.46153846153846156,0.3875,0.558282208588957,0.3907103825136612,0.5274151436031331
280,0.2926829268292683,0.6111111111111112,0.22580645161290322,0.5510204081632653,0.36666666666666664,0.875,0.23333333333333334,0.7857142857142857,0.391304347826087,0.56,0.3125,0.42857142857142855,0.2727272727272727,0.4,0.125,0.25,0.25,0.5454545454545454
281,0.42934782608695654,0.5461741424802111,0.48660714285714285,0.615,0.41688654353562005,0.5681293302540416,0.4444444444444444,0.5726681127982647,0.4584717607973422,0.6091205211726385,0.39325842696629215,0.5180180180180181,0.47368421052631576,0.4661016949152542,0.4095744680851064,0.5747126436781609,0.3783132530120482,0.5913705583756346
282,0.41907261592300965,0.5099009900990099,0.4823529411764706,0.5509803921568628,0.419953596287703,0.5275,0.41359223300970877,0.49808429118773945,0.44155844155844154,0.5722543352601156,0.4263959390862944,0.5223880597014925,0.48936170212765956,0.4782608695652174,0.38953488372093026,0.5364583333333334,0.3808353808353808,0.5316455696202531
283,0.4022038567493113,0.5417085427135678,0.38765432098765434,0.5824468085106383,0.40829694323144106,0.5628140703517588,0.35964912280701755,0.5330188679245284,0.45394736842105265,0.5882352941176471,0.365,0.55,0.5478260869565217,0.574468085106383,0.3626373626373626,0.44642857142857145,0.35368956743002544,0.5419847328244275
284,0.379746835443038,0.5675182481751825,0.42231075697211157,0.5621890547263682,0.37967914438502676,0.6086956521739131,0.36693548387096775,0.5848214285714286,0.4105960264900662,0.5833333333333334,0.3333333333333333,0.5816326530612245,0.4642857142857143,0.5517241379310345,0.4406779661016949,0.5853658536585366,0.3699421965317919,0.5663265306122449
285,0.4104095563139932,0.5208526413345691,0.41116751269035534,0.511166253101737,0.42771084337349397,0.5938242280285035,0.38235294117647056,0.5373443983402489,0.40625,0.5933333333333334,0.44285714285714284,0.48,0.5727272727272728,0.4606741573033708,0.43023255813953487,0.5131578947368421,0.38369304556354916,0.5470588235294118
286,0.21794871794871795,0.55,0.2857142857142857,0.5555555555555556,0.11764705882352941,0.5454545454545454,0.25,0.5806451612903226,0.2,0.45454545454545453,0.2777777777777778,0.6875,0.08333333333333333,0.5555555555555556,0.0,0.5,0.0,0.5806451612903226
287,0.4172297297297297,0.5508317929759704,0.4672897196261682,0.5915841584158416,0.4108527131782946,0.596244131455399,0.4386973180076628,0.5673469387755102,0.3993610223642173,0.5555555555555556,0.4444444444444444,0.5611111111111111,0.4,0.5533980582524272,0.4056603773584906,0.5801526717557252,0.3835616438356164,0.622356495468278
288,0.4101851851851852,0.46311475409836067,0.4697286012526096,0.5013698630136987,0.4022038567493113,0.4906976744186046,0.386,0.47010309278350515,0.4413793103448276,0.5176470588235295,0.45251396648044695,0.4342105263157895,0.45054945054945056,0.4,0.4605263157894737,0.43820224719101125,0.4065934065934066,0.5
289,0.4187396351575456,0.5347107438016528,0.4303030303030303,0.5818713450292398,0.4024390243902439,0.5397631133671743,0.4342629482071713,0.5606361829025845,0.3761467889908257,0.5571847507331378,0.44144144144144143,0.5205479452054794,0.532258064516129,0.5213675213675214,0.42424242424242425,0.573170731707317,0.41192411924119243,0.5679347826086957
290,0.41247672253258844,0.5031333930170099,0.45,0.5248618784530387,0.401330376940133,0.5179704016913319,0.42526315789473684,0.48804780876494025,0.4148148148148148,0.5676567656765676,0.3626373626373626,0.532967032967033,0.5338983050847458,0.48484848484848486,0.4225352112676056,0.512987012987013,0.4090909090909091,0.5408970976253298
291,0.3131868131868132,0.4879518072289157,0.3220338983050847,0.5357142857142857,0.3382352941176471,0.5869565217391305,0.2727272727272727,0.47368421052631576,0.38,0.6666666666666666,0.2903225806451613,0.41935483870967744,0.4,0.2857142857142857,0.2777777777777778,0.52,0.2,0.6
292,0.453416149068323,0.5295536791314838,0.45726495726495725,0.5986842105263158,0.5102040816326531,0.515527950310559,0.44854881266490765,0.5331491712707183,0.45662100456621,0.519650655021834,0.5078125,0.5524475524475524,0.4918032786885246,0.6153846153846154,0.5390625,0.4672897196261682,0.4983277591973244,0.5384615384615384
293,0.3333333333333333,0.58,0.4,0.6129032258064516,0.3448275862068966,0.6086956521739131,0.34375,0.6190476190476191,0.5,0.5769230769230769,0.3125,0.5238095238095238,0.1111111111111111,0.6666666666666666,0.3333333333333333,0.5294117647058824,0.3181818181818182,0.5833333333333334
294,0.4084372003835091,0.5580448065173116,0.4015957446808511,0.5905044510385756,0.4094292803970223,0.5941320293398533,0.43559718969555034,0.5289855072463768,0.36177474402730375,0.6477272727272727,0.4293193717277487,0.5819209039548022,0.49523809523809526,0.5288461538461539,0.3496932515337423,0.6301369863013698,0.40863787375415284,0.6149068322981367
295,0.3413111342351717,0.5566311713455954,0.35294117647058826,0.547683923705722,0.35542168674698793,0.6114649681528662,0.36159600997506236,0.5934579439252337,0.32669322709163345,0.5993265993265994,0.28823529411764703,0.4846938775510204,0.4406779661016949,0.5106382978723404,0.40625,0.5912408759124088,0.296137339055794,0.5863013698630137
296,0.3483043079743355,0.5341130604288499,0.33875338753387535,0.5451977401129944,0.35,0.5841584158415841,0.33021077283372363,0.5291375291375291,0.3116438356164384,0.5176056338028169,0.4036697247706422,0.655367231638418,0.5042016806722689,0.4793388429752066,0.375,0.5602836879432624,0.33548387096774196,0.5632911392405063
297,0.44966442953020136,0.5341772151898734,0.4931506849315068,0.5828220858895705,0.4716981132075472,0.5516129032258065,0.459214501510574,0.5444444444444444,0.441747572815534,0.6036866359447005,0.48872180451127817,0.5,0.421875,0.4307692307692308,0.43636363636363634,0.5982905982905983,0.44866920152091255,0.553030303030303
298,0.4044734389561976,0.4823529411764706,0.4484848484848485,0.5098039215686274,0.407098121085595,0.4969512195121951,0.36043956043956044,0.47869674185463656,0.4,0.5253456221198156,0.489247311827957,0.48175182481751827,0.6111111111111112,0.5131578947368421,0.36428571428571427,0.4420289855072464,0.35911602209944754,0.45525291828793774
